District_name,Upazilla_name,Season,Predicted_Crops
Bagerhat,Mongla,Kharif,"Rice, Jute, Vegetables"
Bagerhat,Mongla,Rabi,"Wheat, Mustard, Potato"
Bagerhat,Mongla,Whole Year,"Banana, Pineapple, Vegetables"
Bagerhat,Mongla,Summer,"Mango, Litchi, Guava"
Bagerhat,Mongla,Winter,"Cauliflower, Cabbage, Carrot"
Bagerhat,Morrelganj,Kharif,"Rice, Jute, Vegetables"
Bagerhat,Morrelganj,Rabi,"Wheat, Mustard, Potato"
Bagerhat,Morrelganj,Whole Year,"Banana, Pineapple, Vegetables"
Bagerhat,Morrelganj,Summer,"Mango, Litchi, Guava"
Bagerhat,Morrelganj,Winter,"Cauliflower, Cabbage, Carrot"
Bagerhat,Rampal,Kharif,"Rice, Jute, Vegetables"
Bagerhat,Rampal,Rabi,"Wheat, Mustard, Potato"
Bagerhat,Rampal,Whole Year,"Banana, Pineapple, Vegetables"
Bagerhat,Rampal,Summer,"Mango, Litchi, Guava"
Bagerhat,Rampal,Winter,"Cauliflower, Cabbage, Carrot"
Bagerhat,Fakirhat,Kharif,"Rice, Jute, Vegetables"
Bagerhat,Fakirhat,Rabi,"Wheat, Mustard, Potato"
Bagerhat,Fakirhat,Whole Year,"Banana, Pineapple, Vegetables"
Bagerhat,Fakirhat,Summer,"Mango, Litchi, Guava"
Bagerhat,Fakirhat,Winter,"Cauliflower, Cabbage, Carrot"
Bagerhat,Kachua,Kharif,"Rice, Jute, Vegetables"
Bagerhat,Kachua,Rabi,"Wheat, Mustard, Potato"
Bagerhat,Kachua,Whole Year,"Banana, Pineapple, Vegetables"
Bagerhat,Kachua,Summer,"Mango, Litchi, Guava"
Bagerhat,Kachua,Winter,"Cauliflower, Cabbage, Carrot"
Bandarban,Rowangchhari,Kharif,"Rice, Jute, Vegetables"
Bandarban,Rowangchhari,Rabi,"Wheat, Mustard, Potato"
Bandarban,Rowangchhari,Whole Year,"Banana, Pineapple, Vegetables"
Bandarban,Rowangchhari,Summer,"Mango, Litchi, Guava"
Bandarban,Rowangchhari,Winter,"Cauliflower, Cabbage, Carrot"
Bandarban,Ruma,Kharif,"Rice, Jute, Vegetables"
Bandarban,Ruma,Rabi,"Wheat, Mustard, Potato"
Bandarban,Ruma,Whole Year,"Banana, Pineapple, Vegetables"
Bandarban,Ruma,Summer,"Mango, Litchi, Guava"
Bandarban,Ruma,Winter,"Cauliflower, Cabbage, Carrot"
Bandarban,Thanchi,Kharif,"Rice, Jute, Vegetables"
Bandarban,Thanchi,Rabi,"Wheat, Mustard, Potato"
Bandarban,Thanchi,Whole Year,"Banana, Pineapple, Vegetables"
Bandarban,Thanchi,Summer,"Mango, Litchi, Guava"
Bandarban,Thanchi,Winter,"Cauliflower, Cabbage, Carrot"
Bandarban,Lama,Kharif,"Rice, Jute, Vegetables"
Bandarban,Lama,Rabi,"Wheat, Mustard, Potato"
Bandarban,Lama,Whole Year,"Banana, Pineapple, Vegetables"
Bandarban,Lama,Summer,"Mango, Litchi, Guava"
Bandarban,Lama,Winter,"Cauliflower, Cabbage, Carrot"
Bandarban,Alikadam,Kharif,"Rice, Jute, Vegetables"
Bandarban,Alikadam,Rabi,"Wheat, Mustard, Potato"
Bandarban,Alikadam,Whole Year,"Banana, Pineapple, Vegetables"
Bandarban,Alikadam,Summer,"Mango, Litchi, Guava"
Bandarban,Alikadam,Winter,"Cauliflower, Cabbage, Carrot"
Barguna,Amtali,Kharif,"Rice, Jute, Vegetables"
Barguna,Amtali,Rabi,"Wheat, Mustard, Potato"
Barguna,Amtali,Whole Year,"Banana, Pineapple, Vegetables"
Barguna,Amtali,Summer,"Mango, Litchi, Guava"
Barguna,Amtali,Winter,"Cauliflower, Cabbage, Carrot"
Barguna,Betagi,Kharif,"Rice, Jute, Vegetables"
Barguna,Betagi,Rabi,"Wheat, Mustard, Potato"
Barguna,Betagi,Whole Year,"Banana, Pineapple, Vegetables"
Barguna,Betagi,Summer,"Mango, Litchi, Guava"
Barguna,Betagi,Winter,"Cauliflower, Cabbage, Carrot"
Barguna,Bamna,Kharif,"Rice, Jute, Vegetables"
Barguna,Bamna,Rabi,"Wheat, Mustard, Potato"
Barguna,Bamna,Whole Year,"Banana, Pineapple, Vegetables"
Barguna,Bamna,Summer,"Mango, Litchi, Guava"
Barguna,Bamna,Winter,"Cauliflower, Cabbage, Carrot"
Barguna,Patharghata,Kharif,"Rice, Jute, Vegetables"
Barguna,Patharghata,Rabi,"Wheat, Mustard, Potato"
Barguna,Patharghata,Whole Year,"Banana, Pineapple, Vegetables"
Barguna,Patharghata,Summer,"Mango, Litchi, Guava"
Barguna,Patharghata,Winter,"Cauliflower, Cabbage, Carrot"
Barguna,Taltali,Kharif,"Rice, Jute, Vegetables"
Barguna,Taltali,Rabi,"Wheat, Mustard, Potato"
Barguna,Taltali,Whole Year,"Banana, Pineapple, Vegetables"
Barguna,Taltali,Summer,"Mango, Litchi, Guava"
Barguna,Taltali,Winter,"Cauliflower, Cabbage, Carrot"
Barisal,Bakerganj,Kharif,"Rice, Jute, Vegetables"
Barisal,Bakerganj,Rabi,"Wheat, Mustard, Potato"
Barisal,Bakerganj,Whole Year,"Banana, Pineapple, Vegetables"
Barisal,Bakerganj,Summer,"Mango, Litchi, Guava"
Barisal,Bakerganj,Winter,"Cauliflower, Cabbage, Carrot"
Barisal,Banaripara,Kharif,"Rice, Jute, Vegetables"
Barisal,Banaripara,Rabi,"Wheat, Mustard, Potato"
Barisal,Banaripara,Whole Year,"Banana, Pineapple, Vegetables"
Barisal,Banaripara,Summer,"Mango, Litchi, Guava"
Barisal,Banaripara,Winter,"Cauliflower, Cabbage, Carrot"
Barisal,Gaurnadi,Kharif,"Rice, Jute, Vegetables"
Barisal,Gaurnadi,Rabi,"Wheat, Mustard, Potato"
Barisal,Gaurnadi,Whole Year,"Banana, Pineapple, Vegetables"
Barisal,Gaurnadi,Summer,"Mango, Litchi, Guava"
Barisal,Gaurnadi,Winter,"Cauliflower, Cabbage, Carrot"
Barisal,Hizla,Kharif,"Rice, Jute, Vegetables"
Barisal,Hizla,Rabi,"Wheat, Mustard, Potato"
Barisal,Hizla,Whole Year,"Banana, Pineapple, Vegetables"
Barisal,Hizla,Summer,"Mango, Litchi, Guava"
Barisal,Hizla,Winter,"Cauliflower, Cabbage, Carrot"
Barisal,Mehendiganj,Kharif,"Rice, Jute, Vegetables"
Barisal,Mehendiganj,Rabi,"Wheat, Mustard, Potato"
Barisal,Mehendiganj,Whole Year,"Banana, Pineapple, Vegetables"
Barisal,Mehendiganj,Summer,"Mango, Litchi, Guava"
Barisal,Mehendiganj,Winter,"Cauliflower, Cabbage, Carrot"
Bhola,Char Fasson,Kharif,"Rice, Jute, Vegetables"
Bhola,Char Fasson,Rabi,"Wheat, Mustard, Potato"
Bhola,Char Fasson,Whole Year,"Banana, Pineapple, Vegetables"
Bhola,Char Fasson,Summer,"Mango, Litchi, Guava"
Bhola,Char Fasson,Winter,"Cauliflower, Cabbage, Carrot"
Bhola,Daulatkhan,Kharif,"Rice, Jute, Vegetables"
Bhola,Daulatkhan,Rabi,"Wheat, Mustard, Potato"
Bhola,Daulatkhan,Whole Year,"Banana, Pineapple, Vegetables"
Bhola,Daulatkhan,Summer,"Mango, Litchi, Guava"
Bhola,Daulatkhan,Winter,"Cauliflower, Cabbage, Carrot"
Bhola,Lalmohan,Kharif,"Rice, Jute, Vegetables"
Bhola,Lalmohan,Rabi,"Wheat, Mustard, Potato"
Bhola,Lalmohan,Whole Year,"Banana, Pineapple, Vegetables"
Bhola,Lalmohan,Summer,"Mango, Litchi, Guava"
Bhola,Lalmohan,Winter,"Cauliflower, Cabbage, Carrot"
Bhola,Manpura,Kharif,"Rice, Jute, Vegetables"
Bhola,Manpura,Rabi,"Wheat, Mustard, Potato"
Bhola,Manpura,Whole Year,"Banana, Pineapple, Vegetables"
Bhola,Manpura,Summer,"Mango, Litchi, Guava"
Bhola,Manpura,Winter,"Cauliflower, Cabbage, Carrot"
Bhola,Borhanuddin,Kharif,"Rice, Jute, Vegetables"
Bhola,Borhanuddin,Rabi,"Wheat, Mustard, Potato"
Bhola,Borhanuddin,Whole Year,"Banana, Pineapple, Vegetables"
Bhola,Borhanuddin,Summer,"Mango, Litchi, Guava"
Bhola,Borhanuddin,Winter,"Cauliflower, Cabbage, Carrot"
Bogra,Adamdighi,Kharif,"Rice, Jute, Vegetables"
Bogra,Adamdighi,Rabi,"Wheat, Mustard, Potato"
Bogra,Adamdighi,Whole Year,"Banana, Pineapple, Vegetables"
Bogra,Adamdighi,Summer,"Mango, Litchi, Guava"
Bogra,Adamdighi,Winter,"Cauliflower, Cabbage, Carrot"
Bogra,Dhupchanchia,Kharif,"Rice, Jute, Vegetables"
Bogra,Dhupchanchia,Rabi,"Wheat, Mustard, Potato"
Bogra,Dhupchanchia,Whole Year,"Banana, Pineapple, Vegetables"
Bogra,Dhupchanchia,Summer,"Mango, Litchi, Guava"
Bogra,Dhupchanchia,Winter,"Cauliflower, Cabbage, Carrot"
Bogra,Gabtali,Kharif,"Rice, Jute, Vegetables"
Bogra,Gabtali,Rabi,"Wheat, Mustard, Potato"
Bogra,Gabtali,Whole Year,"Banana, Pineapple, Vegetables"
Bogra,Gabtali,Summer,"Mango, Litchi, Guava"
Bogra,Gabtali,Winter,"Cauliflower, Cabbage, Carrot"
Bogra,Kahaloo,Kharif,"Rice, Jute, Vegetables"
Bogra,Kahaloo,Rabi,"Wheat, Mustard, Potato"
Bogra,Kahaloo,Whole Year,"Banana, Pineapple, Vegetables"
Bogra,Kahaloo,Summer,"Mango, Litchi, Guava"
Bogra,Kahaloo,Winter,"Cauliflower, Cabbage, Carrot"
Bogra,Shajahanpur,Kharif,"Rice, Jute, Vegetables"
Bogra,Shajahanpur,Rabi,"Wheat, Mustard, Potato"
Bogra,Shajahanpur,Whole Year,"Banana, Pineapple, Vegetables"
Bogra,Shajahanpur,Summer,"Mango, Litchi, Guava"
Bogra,Shajahanpur,Winter,"Cauliflower, Cabbage, Carrot"
Brahmanbaria,Ashuganj,Kharif,"Rice, Jute, Vegetables"
Brahmanbaria,Ashuganj,Rabi,"Wheat, Mustard, Potato"
Brahmanbaria,Ashuganj,Whole Year,"Banana, Pineapple, Vegetables"
Brahmanbaria,Ashuganj,Summer,"Mango, Litchi, Guava"
Brahmanbaria,Ashuganj,Winter,"Cauliflower, Cabbage, Carrot"
Brahmanbaria,Bancharampur,Kharif,"Rice, Jute, Vegetables"
Brahmanbaria,Bancharampur,Rabi,"Wheat, Mustard, Potato"
Brahmanbaria,Bancharampur,Whole Year,"Banana, Pineapple, Vegetables"
Brahmanbaria,Bancharampur,Summer,"Mango, Litchi, Guava"
Brahmanbaria,Bancharampur,Winter,"Cauliflower, Cabbage, Carrot"
Brahmanbaria,Nabinagar,Kharif,"Rice, Jute, Vegetables"
Brahmanbaria,Nabinagar,Rabi,"Wheat, Mustard, Potato"
Brahmanbaria,Nabinagar,Whole Year,"Banana, Pineapple, Vegetables"
Brahmanbaria,Nabinagar,Summer,"Mango, Litchi, Guava"
Brahmanbaria,Nabinagar,Winter,"Cauliflower, Cabbage, Carrot"
Brahmanbaria,Nasirnagar,Kharif,"Rice, Jute, Vegetables"
Brahmanbaria,Nasirnagar,Rabi,"Wheat, Mustard, Potato"
Brahmanbaria,Nasirnagar,Whole Year,"Banana, Pineapple, Vegetables"
Brahmanbaria,Nasirnagar,Summer,"Mango, Litchi, Guava"
Brahmanbaria,Nasirnagar,Winter,"Cauliflower, Cabbage, Carrot"
Brahmanbaria,Sarail,Kharif,"Rice, Jute, Vegetables"
Brahmanbaria,Sarail,Rabi,"Wheat, Mustard, Potato"
Brahmanbaria,Sarail,Whole Year,"Banana, Pineapple, Vegetables"
Brahmanbaria,Sarail,Summer,"Mango, Litchi, Guava"
Brahmanbaria,Sarail,Winter,"Cauliflower, Cabbage, Carrot"
Chandpur,Faridganj,Kharif,"Rice, Jute, Vegetables"
Chandpur,Faridganj,Rabi,"Wheat, Mustard, Potato"
Chandpur,Faridganj,Whole Year,"Banana, Pineapple, Vegetables"
Chandpur,Faridganj,Summer,"Mango, Litchi, Guava"
Chandpur,Faridganj,Winter,"Cauliflower, Cabbage, Carrot"
Chandpur,Haimchar,Kharif,"Rice, Jute, Vegetables"
Chandpur,Haimchar,Rabi,"Wheat, Mustard, Potato"
Chandpur,Haimchar,Whole Year,"Banana, Pineapple, Vegetables"
Chandpur,Haimchar,Summer,"Mango, Litchi, Guava"
Chandpur,Haimchar,Winter,"Cauliflower, Cabbage, Carrot"
Chandpur,Kachua,Kharif,"Rice, Jute, Vegetables"
Chandpur,Kachua,Rabi,"Wheat, Mustard, Potato"
Chandpur,Kachua,Whole Year,"Banana, Pineapple, Vegetables"
Chandpur,Kachua,Summer,"Mango, Litchi, Guava"
Chandpur,Kachua,Winter,"Cauliflower, Cabbage, Carrot"
Chandpur,Matlab North,Kharif,"Rice, Jute, Vegetables"
Chandpur,Matlab North,Rabi,"Wheat, Mustard, Potato"
Chandpur,Matlab North,Whole Year,"Banana, Pineapple, Vegetables"
Chandpur,Matlab North,Summer,"Mango, Litchi, Guava"
Chandpur,Matlab North,Winter,"Cauliflower, Cabbage, Carrot"
Chandpur,Matlab South,Kharif,"Rice, Jute, Vegetables"
Chandpur,Matlab South,Rabi,"Wheat, Mustard, Potato"
Chandpur,Matlab South,Whole Year,"Banana, Pineapple, Vegetables"
Chandpur,Matlab South,Summer,"Mango, Litchi, Guava"
Chandpur,Matlab South,Winter,"Cauliflower, Cabbage, Carrot"
Chattogram,Anwara,Kharif,"Rice, Jute, Vegetables"
Chattogram,Anwara,Rabi,"Wheat, Mustard, Potato"
Chattogram,Anwara,Whole Year,"Banana, Pineapple, Vegetables"
Chattogram,Anwara,Summer,"Mango, Litchi, Guava"
Chattogram,Anwara,Winter,"Cauliflower, Cabbage, Carrot"
Chattogram,Banshkhali,Kharif,"Rice, Jute, Vegetables"
Chattogram,Banshkhali,Rabi,"Wheat, Mustard, Potato"
Chattogram,Banshkhali,Whole Year,"Banana, Pineapple, Vegetables"
Chattogram,Banshkhali,Summer,"Mango, Litchi, Guava"
Chattogram,Banshkhali,Winter,"Cauliflower, Cabbage, Carrot"
Chattogram,Boalkhali,Kharif,"Rice, Jute, Vegetables"
Chattogram,Boalkhali,Rabi,"Wheat, Mustard, Potato"
Chattogram,Boalkhali,Whole Year,"Banana, Pineapple, Vegetables"
Chattogram,Boalkhali,Summer,"Mango, Litchi, Guava"
Chattogram,Boalkhali,Winter,"Cauliflower, Cabbage, Carrot"
Chattogram,Chandanaish,Kharif,"Rice, Jute, Vegetables"
Chattogram,Chandanaish,Rabi,"Wheat, Mustard, Potato"
Chattogram,Chandanaish,Whole Year,"Banana, Pineapple, Vegetables"
Chattogram,Chandanaish,Summer,"Mango, Litchi, Guava"
Chattogram,Chandanaish,Winter,"Cauliflower, Cabbage, Carrot"
Chattogram,Fatikchhari,Kharif,"Rice, Jute, Vegetables"
Chattogram,Fatikchhari,Rabi,"Wheat, Mustard, Potato"
Chattogram,Fatikchhari,Whole Year,"Banana, Pineapple, Vegetables"
Chattogram,Fatikchhari,Summer,"Mango, Litchi, Guava"
Chattogram,Fatikchhari,Winter,"Cauliflower, Cabbage, Carrot"
Chuadanga,Alamdanga,Kharif,"Rice, Jute, Vegetables"
Chuadanga,Alamdanga,Rabi,"Wheat, Mustard, Potato"
Chuadanga,Alamdanga,Whole Year,"Banana, Pineapple, Vegetables"
Chuadanga,Alamdanga,Summer,"Mango, Litchi, Guava"
Chuadanga,Alamdanga,Winter,"Cauliflower, Cabbage, Carrot"
Chuadanga,Damurhuda,Kharif,"Rice, Jute, Vegetables"
Chuadanga,Damurhuda,Rabi,"Wheat, Mustard, Potato"
Chuadanga,Damurhuda,Whole Year,"Banana, Pineapple, Vegetables"
Chuadanga,Damurhuda,Summer,"Mango, Litchi, Guava"
Chuadanga,Damurhuda,Winter,"Cauliflower, Cabbage, Carrot"
Chuadanga,Jibannagar,Kharif,"Rice, Jute, Vegetables"
Chuadanga,Jibannagar,Rabi,"Wheat, Mustard, Potato"
Chuadanga,Jibannagar,Whole Year,"Banana, Pineapple, Vegetables"
Chuadanga,Jibannagar,Summer,"Mango, Litchi, Guava"
Chuadanga,Jibannagar,Winter,"Cauliflower, Cabbage, Carrot"
Comilla,Barura,Kharif,"Rice, Jute, Vegetables"
Comilla,Barura,Rabi,"Wheat, Mustard, Potato"
Comilla,Barura,Whole Year,"Banana, Pineapple, Vegetables"
Comilla,Barura,Summer,"Mango, Litchi, Guava"
Comilla,Barura,Winter,"Cauliflower, Cabbage, Carrot"
Comilla,Brahmanpara,Kharif,"Rice, Jute, Vegetables"
Comilla,Brahmanpara,Rabi,"Wheat, Mustard, Potato"
Comilla,Brahmanpara,Whole Year,"Banana, Pineapple, Vegetables"
Comilla,Brahmanpara,Summer,"Mango, Litchi, Guava"
Comilla,Brahmanpara,Winter,"Cauliflower, Cabbage, Carrot"
Comilla,Burichang,Kharif,"Rice, Jute, Vegetables"
Comilla,Burichang,Rabi,"Wheat, Mustard, Potato"
Comilla,Burichang,Whole Year,"Banana, Pineapple, Vegetables"
Comilla,Burichang,Summer,"Mango, Litchi, Guava"
Comilla,Burichang,Winter,"Cauliflower, Cabbage, Carrot"
Comilla,Chandina,Kharif,"Rice, Jute, Vegetables"
Comilla,Chandina,Rabi,"Wheat, Mustard, Potato"
Comilla,Chandina,Whole Year,"Banana, Pineapple, Vegetables"
Comilla,Chandina,Summer,"Mango, Litchi, Guava"
Comilla,Chandina,Winter,"Cauliflower, Cabbage, Carrot"
Comilla,Daudkandi,Kharif,"Rice, Jute, Vegetables"
Comilla,Daudkandi,Rabi,"Wheat, Mustard, Potato"
Comilla,Daudkandi,Whole Year,"Banana, Pineapple, Vegetables"
Comilla,Daudkandi,Summer,"Mango, Litchi, Guava"
Comilla,Daudkandi,Winter,"Cauliflower, Cabbage, Carrot"
Cox's Bazar,Chakaria,Kharif,"Rice, Jute, Vegetables"
Cox's Bazar,Chakaria,Rabi,"Wheat, Mustard, Potato"
Cox's Bazar,Chakaria,Whole Year,"Banana, Pineapple, Vegetables"
Cox's Bazar,Chakaria,Summer,"Mango, Litchi, Guava"
Cox's Bazar,Chakaria,Winter,"Cauliflower, Cabbage, Carrot"
Cox's Bazar,Maheshkhali,Kharif,"Rice, Jute, Vegetables"
Cox's Bazar,Maheshkhali,Rabi,"Wheat, Mustard, Potato"
Cox's Bazar,Maheshkhali,Whole Year,"Banana, Pineapple, Vegetables"
Cox's Bazar,Maheshkhali,Summer,"Mango, Litchi, Guava"
Cox's Bazar,Maheshkhali,Winter,"Cauliflower, Cabbage, Carrot"
Cox's Bazar,Ramu,Kharif,"Rice, Jute, Vegetables"
Cox's Bazar,Ramu,Rabi,"Wheat, Mustard, Potato"
Cox's Bazar,Ramu,Whole Year,"Banana, Pineapple, Vegetables"
Cox's Bazar,Ramu,Summer,"Mango, Litchi, Guava"
Cox's Bazar,Ramu,Winter,"Cauliflower, Cabbage, Carrot"
Cox's Bazar,Teknaf,Kharif,"Rice, Jute, Vegetables"
Cox's Bazar,Teknaf,Rabi,"Wheat, Mustard, Potato"
Cox's Bazar,Teknaf,Whole Year,"Banana, Pineapple, Vegetables"
Cox's Bazar,Teknaf,Summer,"Mango, Litchi, Guava"
Cox's Bazar,Teknaf,Winter,"Cauliflower, Cabbage, Carrot"
Cox's Bazar,Ukhia,Kharif,"Rice, Jute, Vegetables"
Cox's Bazar,Ukhia,Rabi,"Wheat, Mustard, Potato"
Cox's Bazar,Ukhia,Whole Year,"Banana, Pineapple, Vegetables"
Cox's Bazar,Ukhia,Summer,"Mango, Litchi, Guava"
Cox's Bazar,Ukhia,Winter,"Cauliflower, Cabbage, Carrot"
Dhaka,Dhamrai,Kharif,"Rice, Jute, Vegetables"
Dhaka,Dhamrai,Rabi,"Wheat, Mustard, Potato"
Dhaka,Dhamrai,Whole Year,"Banana, Pineapple, Vegetables"
Dhaka,Dhamrai,Summer,"Mango, Litchi, Guava"
Dhaka,Dhamrai,Winter,"Cauliflower, Cabbage, Carrot"
Dhaka,Keraniganj,Kharif,"Rice, Jute, Vegetables"
Dhaka,Keraniganj,Rabi,"Wheat, Mustard, Potato"
Dhaka,Keraniganj,Whole Year,"Banana, Pineapple, Vegetables"
Dhaka,Keraniganj,Summer,"Mango, Litchi, Guava"
Dhaka,Keraniganj,Winter,"Cauliflower, Cabbage, Carrot"
Dhaka,Nawabganj,Kharif,"Rice, Jute, Vegetables"
Dhaka,Nawabganj,Rabi,"Wheat, Mustard, Potato"
Dhaka,Nawabganj,Whole Year,"Banana, Pineapple, Vegetables"
Dhaka,Nawabganj,Summer,"Mango, Litchi, Guava"
Dhaka,Nawabganj,Winter,"Cauliflower, Cabbage, Carrot"
Dhaka,Savar,Kharif,"Rice, Jute, Vegetables"
Dhaka,Savar,Rabi,"Wheat, Mustard, Potato"
Dhaka,Savar,Whole Year,"Banana, Pineapple, Vegetables"
Dhaka,Savar,Summer,"Mango, Litchi, Guava"
Dhaka,Savar,Winter,"Cauliflower, Cabbage, Carrot"
Dhaka,Demra,Kharif,"Rice, Jute, Vegetables"
Dhaka,Demra,Rabi,"Wheat, Mustard, Potato"
Dhaka,Demra,Whole Year,"Banana, Pineapple, Vegetables"
Dhaka,Demra,Summer,"Mango, Litchi, Guava"
Dhaka,Demra,Winter,"Cauliflower, Cabbage, Carrot"
Dinajpur,Birampur,Kharif,"Rice, Jute, Vegetables"
Dinajpur,Birampur,Rabi,"Wheat, Mustard, Potato"
Dinajpur,Birampur,Whole Year,"Banana, Pineapple, Vegetables"
Dinajpur,Birampur,Summer,"Mango, Litchi, Guava"
Dinajpur,Birampur,Winter,"Cauliflower, Cabbage, Carrot"
Dinajpur,Birganj,Kharif,"Rice, Jute, Vegetables"
Dinajpur,Birganj,Rabi,"Wheat, Mustard, Potato"
Dinajpur,Birganj,Whole Year,"Banana, Pineapple, Vegetables"
Dinajpur,Birganj,Summer,"Mango, Litchi, Guava"
Dinajpur,Birganj,Winter,"Cauliflower, Cabbage, Carrot"
Dinajpur,Bochaganj,Kharif,"Rice, Jute, Vegetables"
Dinajpur,Bochaganj,Rabi,"Wheat, Mustard, Potato"
Dinajpur,Bochaganj,Whole Year,"Banana, Pineapple, Vegetables"
Dinajpur,Bochaganj,Summer,"Mango, Litchi, Guava"
Dinajpur,Bochaganj,Winter,"Cauliflower, Cabbage, Carrot"
Dinajpur,Chirirbandar,Kharif,"Rice, Jute, Vegetables"
Dinajpur,Chirirbandar,Rabi,"Wheat, Mustard, Potato"
Dinajpur,Chirirbandar,Whole Year,"Banana, Pineapple, Vegetables"
Dinajpur,Chirirbandar,Summer,"Mango, Litchi, Guava"
Dinajpur,Chirirbandar,Winter,"Cauliflower, Cabbage, Carrot"
Dinajpur,Kaharole,Kharif,"Rice, Jute, Vegetables"
Dinajpur,Kaharole,Rabi,"Wheat, Mustard, Potato"
Dinajpur,Kaharole,Whole Year,"Banana, Pineapple, Vegetables"
Dinajpur,Kaharole,Summer,"Mango, Litchi, Guava"
Dinajpur,Kaharole,Winter,"Cauliflower, Cabbage, Carrot"
Faridpur,Alfadanga,Kharif,"Rice, Jute, Vegetables"
Faridpur,Alfadanga,Rabi,"Wheat, Mustard, Potato"
Faridpur,Alfadanga,Whole Year,"Banana, Pineapple, Vegetables"
Faridpur,Alfadanga,Summer,"Mango, Litchi, Guava"
Faridpur,Alfadanga,Winter,"Cauliflower, Cabbage, Carrot"
Faridpur,Bhanga,Kharif,"Rice, Jute, Vegetables"
Faridpur,Bhanga,Rabi,"Wheat, Mustard, Potato"
Faridpur,Bhanga,Whole Year,"Banana, Pineapple, Vegetables"
Faridpur,Bhanga,Summer,"Mango, Litchi, Guava"
Faridpur,Bhanga,Winter,"Cauliflower, Cabbage, Carrot"
Faridpur,Boalmari,Kharif,"Rice, Jute, Vegetables"
Faridpur,Boalmari,Rabi,"Wheat, Mustard, Potato"
Faridpur,Boalmari,Whole Year,"Banana, Pineapple, Vegetables"
Faridpur,Boalmari,Summer,"Mango, Litchi, Guava"
Faridpur,Boalmari,Winter,"Cauliflower, Cabbage, Carrot"
Faridpur,Charbhadrasan,Kharif,"Rice, Jute, Vegetables"
Faridpur,Charbhadrasan,Rabi,"Wheat, Mustard, Potato"
Faridpur,Charbhadrasan,Whole Year,"Banana, Pineapple, Vegetables"
Faridpur,Charbhadrasan,Summer,"Mango, Litchi, Guava"
Faridpur,Charbhadrasan,Winter,"Cauliflower, Cabbage, Carrot"
Faridpur,Nagarkanda,Kharif,"Rice, Jute, Vegetables"
Faridpur,Nagarkanda,Rabi,"Wheat, Mustard, Potato"
Faridpur,Nagarkanda,Whole Year,"Banana, Pineapple, Vegetables"
Faridpur,Nagarkanda,Summer,"Mango, Litchi, Guava"
Faridpur,Nagarkanda,Winter,"Cauliflower, Cabbage, Carrot"
Feni,Chhagalnaiya,Kharif,"Rice, Jute, Vegetables"
Feni,Chhagalnaiya,Rabi,"Wheat, Mustard, Potato"
Feni,Chhagalnaiya,Whole Year,"Banana, Pineapple, Vegetables"
Feni,Chhagalnaiya,Summer,"Mango, Litchi, Guava"
Feni,Chhagalnaiya,Winter,"Cauliflower, Cabbage, Carrot"
Feni,Daganbhuiyan,Kharif,"Rice, Jute, Vegetables"
Feni,Daganbhuiyan,Rabi,"Wheat, Mustard, Potato"
Feni,Daganbhuiyan,Whole Year,"Banana, Pineapple, Vegetables"
Feni,Daganbhuiyan,Summer,"Mango, Litchi, Guava"
Feni,Daganbhuiyan,Winter,"Cauliflower, Cabbage, Carrot"
Feni,Fulgazi,Kharif,"Rice, Jute, Vegetables"
Feni,Fulgazi,Rabi,"Wheat, Mustard, Potato"
Feni,Fulgazi,Whole Year,"Banana, Pineapple, Vegetables"
Feni,Fulgazi,Summer,"Mango, Litchi, Guava"
Feni,Fulgazi,Winter,"Cauliflower, Cabbage, Carrot"
Feni,Parshuram,Kharif,"Rice, Jute, Vegetables"
Feni,Parshuram,Rabi,"Wheat, Mustard, Potato"
Feni,Parshuram,Whole Year,"Banana, Pineapple, Vegetables"
Feni,Parshuram,Summer,"Mango, Litchi, Guava"
Feni,Parshuram,Winter,"Cauliflower, Cabbage, Carrot"
Feni,Sonagazi,Kharif,"Rice, Jute, Vegetables"
Feni,Sonagazi,Rabi,"Wheat, Mustard, Potato"
Feni,Sonagazi,Whole Year,"Banana, Pineapple, Vegetables"
Feni,Sonagazi,Summer,"Mango, Litchi, Guava"
Feni,Sonagazi,Winter,"Cauliflower, Cabbage, Carrot"
Gaibandha,Fulchhari,Kharif,"Rice, Jute, Vegetables"
Gaibandha,Fulchhari,Rabi,"Wheat, Mustard, Potato"
Gaibandha,Fulchhari,Whole Year,"Banana, Pineapple, Vegetables"
Gaibandha,Fulchhari,Summer,"Mango, Litchi, Guava"
Gaibandha,Fulchhari,Winter,"Cauliflower, Cabbage, Carrot"
Gaibandha,Gobindaganj,Kharif,"Rice, Jute, Vegetables"
Gaibandha,Gobindaganj,Rabi,"Wheat, Mustard, Potato"
Gaibandha,Gobindaganj,Whole Year,"Banana, Pineapple, Vegetables"
Gaibandha,Gobindaganj,Summer,"Mango, Litchi, Guava"
Gaibandha,Gobindaganj,Winter,"Cauliflower, Cabbage, Carrot"
Gaibandha,Palashbari,Kharif,"Rice, Jute, Vegetables"
Gaibandha,Palashbari,Rabi,"Wheat, Mustard, Potato"
Gaibandha,Palashbari,Whole Year,"Banana, Pineapple, Vegetables"
Gaibandha,Palashbari,Summer,"Mango, Litchi, Guava"
Gaibandha,Palashbari,Winter,"Cauliflower, Cabbage, Carrot"
Gaibandha,Sadullapur,Kharif,"Rice, Jute, Vegetables"
Gaibandha,Sadullapur,Rabi,"Wheat, Mustard, Potato"
Gaibandha,Sadullapur,Whole Year,"Banana, Pineapple, Vegetables"
Gaibandha,Sadullapur,Summer,"Mango, Litchi, Guava"
Gaibandha,Sadullapur,Winter,"Cauliflower, Cabbage, Carrot"
Gaibandha,Saghata,Kharif,"Rice, Jute, Vegetables"
Gaibandha,Saghata,Rabi,"Wheat, Mustard, Potato"
Gaibandha,Saghata,Whole Year,"Banana, Pineapple, Vegetables"
Gaibandha,Saghata,Summer,"Mango, Litchi, Guava"
Gaibandha,Saghata,Winter,"Cauliflower, Cabbage, Carrot"
Gazipur,Kaliganj,Kharif,"Rice, Jute, Vegetables"
Gazipur,Kaliganj,Rabi,"Wheat, Mustard, Potato"
Gazipur,Kaliganj,Whole Year,"Banana, Pineapple, Vegetables"
Gazipur,Kaliganj,Summer,"Mango, Litchi, Guava"
Gazipur,Kaliganj,Winter,"Cauliflower, Cabbage, Carrot"
Gazipur,Kaliakair,Kharif,"Rice, Jute, Vegetables"
Gazipur,Kaliakair,Rabi,"Wheat, Mustard, Potato"
Gazipur,Kaliakair,Whole Year,"Banana, Pineapple, Vegetables"
Gazipur,Kaliakair,Summer,"Mango, Litchi, Guava"
Gazipur,Kaliakair,Winter,"Cauliflower, Cabbage, Carrot"
Gazipur,Kapasia,Kharif,"Rice, Jute, Vegetables"
Gazipur,Kapasia,Rabi,"Wheat, Mustard, Potato"
Gazipur,Kapasia,Whole Year,"Banana, Pineapple, Vegetables"
Gazipur,Kapasia,Summer,"Mango, Litchi, Guava"
Gazipur,Kapasia,Winter,"Cauliflower, Cabbage, Carrot"
Gazipur,Sreepur,Kharif,"Rice, Jute, Vegetables"
Gazipur,Sreepur,Rabi,"Wheat, Mustard, Potato"
Gazipur,Sreepur,Whole Year,"Banana, Pineapple, Vegetables"
Gazipur,Sreepur,Summer,"Mango, Litchi, Guava"
Gazipur,Sreepur,Winter,"Cauliflower, Cabbage, Carrot"
Gopalganj,Kashiani,Kharif,"Rice, Jute, Vegetables"
Gopalganj,Kashiani,Rabi,"Wheat, Mustard, Potato"
Gopalganj,Kashiani,Whole Year,"Banana, Pineapple, Vegetables"
Gopalganj,Kashiani,Summer,"Mango, Litchi, Guava"
Gopalganj,Kashiani,Winter,"Cauliflower, Cabbage, Carrot"
Gopalganj,Kotalipara,Kharif,"Rice, Jute, Vegetables"
Gopalganj,Kotalipara,Rabi,"Wheat, Mustard, Potato"
Gopalganj,Kotalipara,Whole Year,"Banana, Pineapple, Vegetables"
Gopalganj,Kotalipara,Summer,"Mango, Litchi, Guava"
Gopalganj,Kotalipara,Winter,"Cauliflower, Cabbage, Carrot"
Gopalganj,Muksudpur,Kharif,"Rice, Jute, Vegetables"
Gopalganj,Muksudpur,Rabi,"Wheat, Mustard, Potato"
Gopalganj,Muksudpur,Whole Year,"Banana, Pineapple, Vegetables"
Gopalganj,Muksudpur,Summer,"Mango, Litchi, Guava"
Gopalganj,Muksudpur,Winter,"Cauliflower, Cabbage, Carrot"
Gopalganj,Tungipara,Kharif,"Rice, Jute, Vegetables"
Gopalganj,Tungipara,Rabi,"Wheat, Mustard, Potato"
Gopalganj,Tungipara,Whole Year,"Banana, Pineapple, Vegetables"
Gopalganj,Tungipara,Summer,"Mango, Litchi, Guava"
Gopalganj,Tungipara,Winter,"Cauliflower, Cabbage, Carrot"
Habiganj,Ajmiriganj,Kharif,"Rice, Jute, Vegetables"
Habiganj,Ajmiriganj,Rabi,"Wheat, Mustard, Potato"
Habiganj,Ajmiriganj,Whole Year,"Banana, Pineapple, Vegetables"
Habiganj,Ajmiriganj,Summer,"Mango, Litchi, Guava"
Habiganj,Ajmiriganj,Winter,"Cauliflower, Cabbage, Carrot"
Habiganj,Bahubal,Kharif,"Rice, Jute, Vegetables"
Habiganj,Bahubal,Rabi,"Wheat, Mustard, Potato"
Habiganj,Bahubal,Whole Year,"Banana, Pineapple, Vegetables"
Habiganj,Bahubal,Summer,"Mango, Litchi, Guava"
Habiganj,Bahubal,Winter,"Cauliflower, Cabbage, Carrot"
Habiganj,Baniyachong,Kharif,"Rice, Jute, Vegetables"
Habiganj,Baniyachong,Rabi,"Wheat, Mustard, Potato"
Habiganj,Baniyachong,Whole Year,"Banana, Pineapple, Vegetables"
Habiganj,Baniyachong,Summer,"Mango, Litchi, Guava"
Habiganj,Baniyachong,Winter,"Cauliflower, Cabbage, Carrot"
Habiganj,Chunarughat,Kharif,"Rice, Jute, Vegetables"
Habiganj,Chunarughat,Rabi,"Wheat, Mustard, Potato"
Habiganj,Chunarughat,Whole Year,"Banana, Pineapple, Vegetables"
Habiganj,Chunarughat,Summer,"Mango, Litchi, Guava"
Habiganj,Chunarughat,Winter,"Cauliflower, Cabbage, Carrot"
Habiganj,Madhabpur,Kharif,"Rice, Jute, Vegetables"
Habiganj,Madhabpur,Rabi,"Wheat, Mustard, Potato"
Habiganj,Madhabpur,Whole Year,"Banana, Pineapple, Vegetables"
Habiganj,Madhabpur,Summer,"Mango, Litchi, Guava"
Habiganj,Madhabpur,Winter,"Cauliflower, Cabbage, Carrot"
Jamalpur,Bakshiganj,Kharif,"Rice, Jute, Vegetables"
Jamalpur,Bakshiganj,Rabi,"Wheat, Mustard, Potato"
Jamalpur,Bakshiganj,Whole Year,"Banana, Pineapple, Vegetables"
Jamalpur,Bakshiganj,Summer,"Mango, Litchi, Guava"
Jamalpur,Bakshiganj,Winter,"Cauliflower, Cabbage, Carrot"
Jamalpur,Dewanganj,Kharif,"Rice, Jute, Vegetables"
Jamalpur,Dewanganj,Rabi,"Wheat, Mustard, Potato"
Jamalpur,Dewanganj,Whole Year,"Banana, Pineapple, Vegetables"
Jamalpur,Dewanganj,Summer,"Mango, Litchi, Guava"
Jamalpur,Dewanganj,Winter,"Cauliflower, Cabbage, Carrot"
Jamalpur,Islampur,Kharif,"Rice, Jute, Vegetables"
Jamalpur,Islampur,Rabi,"Wheat, Mustard, Potato"
Jamalpur,Islampur,Whole Year,"Banana, Pineapple, Vegetables"
Jamalpur,Islampur,Summer,"Mango, Litchi, Guava"
Jamalpur,Islampur,Winter,"Cauliflower, Cabbage, Carrot"
Jamalpur,Madarganj,Kharif,"Rice, Jute, Vegetables"
Jamalpur,Madarganj,Rabi,"Wheat, Mustard, Potato"
Jamalpur,Madarganj,Whole Year,"Banana, Pineapple, Vegetables"
Jamalpur,Madarganj,Summer,"Mango, Litchi, Guava"
Jamalpur,Madarganj,Winter,"Cauliflower, Cabbage, Carrot"
Jamalpur,Melandaha,Kharif,"Rice, Jute, Vegetables"
Jamalpur,Melandaha,Rabi,"Wheat, Mustard, Potato"
Jamalpur,Melandaha,Whole Year,"Banana, Pineapple, Vegetables"
Jamalpur,Melandaha,Summer,"Mango, Litchi, Guava"
Jamalpur,Melandaha,Winter,"Cauliflower, Cabbage, Carrot"
Jashore,Abhaynagar,Kharif,"Rice, Jute, Vegetables"
Jashore,Abhaynagar,Rabi,"Wheat, Mustard, Potato"
Jashore,Abhaynagar,Whole Year,"Banana, Pineapple, Vegetables"
Jashore,Abhaynagar,Summer,"Mango, Litchi, Guava"
Jashore,Abhaynagar,Winter,"Cauliflower, Cabbage, Carrot"
Jashore,Bagherpara,Kharif,"Rice, Jute, Vegetables"
Jashore,Bagherpara,Rabi,"Wheat, Mustard, Potato"
Jashore,Bagherpara,Whole Year,"Banana, Pineapple, Vegetables"
Jashore,Bagherpara,Summer,"Mango, Litchi, Guava"
Jashore,Bagherpara,Winter,"Cauliflower, Cabbage, Carrot"
Jashore,Chaugachha,Kharif,"Rice, Jute, Vegetables"
Jashore,Chaugachha,Rabi,"Wheat, Mustard, Potato"
Jashore,Chaugachha,Whole Year,"Banana, Pineapple, Vegetables"
Jashore,Chaugachha,Summer,"Mango, Litchi, Guava"
Jashore,Chaugachha,Winter,"Cauliflower, Cabbage, Carrot"
Jashore,Jhikargachha,Kharif,"Rice, Jute, Vegetables"
Jashore,Jhikargachha,Rabi,"Wheat, Mustard, Potato"
Jashore,Jhikargachha,Whole Year,"Banana, Pineapple, Vegetables"
Jashore,Jhikargachha,Summer,"Mango, Litchi, Guava"
Jashore,Jhikargachha,Winter,"Cauliflower, Cabbage, Carrot"
Jashore,Keshabpur,Kharif,"Rice, Jute, Vegetables"
Jashore,Keshabpur,Rabi,"Wheat, Mustard, Potato"
Jashore,Keshabpur,Whole Year,"Banana, Pineapple, Vegetables"
Jashore,Keshabpur,Summer,"Mango, Litchi, Guava"
Jashore,Keshabpur,Winter,"Cauliflower, Cabbage, Carrot"
Jhalokati,Kathalia,Kharif,"Rice, Jute, Vegetables"
Jhalokati,Kathalia,Rabi,"Wheat, Mustard, Potato"
Jhalokati,Kathalia,Whole Year,"Banana, Pineapple, Vegetables"
Jhalokati,Kathalia,Summer,"Mango, Litchi, Guava"
Jhalokati,Kathalia,Winter,"Cauliflower, Cabbage, Carrot"
Jhalokati,Nalchity,Kharif,"Rice, Jute, Vegetables"
Jhalokati,Nalchity,Rabi,"Wheat, Mustard, Potato"
Jhalokati,Nalchity,Whole Year,"Banana, Pineapple, Vegetables"
Jhalokati,Nalchity,Summer,"Mango, Litchi, Guava"
Jhalokati,Nalchity,Winter,"Cauliflower, Cabbage, Carrot"
Jhalokati,Rajapur,Kharif,"Rice, Jute, Vegetables"
Jhalokati,Rajapur,Rabi,"Wheat, Mustard, Potato"
Jhalokati,Rajapur,Whole Year,"Banana, Pineapple, Vegetables"
Jhalokati,Rajapur,Summer,"Mango, Litchi, Guava"
Jhalokati,Rajapur,Winter,"Cauliflower, Cabbage, Carrot"
Jhenaidah,Harinakunda,Kharif,"Rice, Jute, Vegetables"
Jhenaidah,Harinakunda,Rabi,"Wheat, Mustard, Potato"
Jhenaidah,Harinakunda,Whole Year,"Banana, Pineapple, Vegetables"
Jhenaidah,Harinakunda,Summer,"Mango, Litchi, Guava"
Jhenaidah,Harinakunda,Winter,"Cauliflower, Cabbage, Carrot"
Jhenaidah,Kaliganj,Kharif,"Rice, Jute, Vegetables"
Jhenaidah,Kaliganj,Rabi,"Wheat, Mustard, Potato"
Jhenaidah,Kaliganj,Whole Year,"Banana, Pineapple, Vegetables"
Jhenaidah,Kaliganj,Summer,"Mango, Litchi, Guava"
Jhenaidah,Kaliganj,Winter,"Cauliflower, Cabbage, Carrot"
Jhenaidah,Kotchandpur,Kharif,"Rice, Jute, Vegetables"
Jhenaidah,Kotchandpur,Rabi,"Wheat, Mustard, Potato"
Jhenaidah,Kotchandpur,Whole Year,"Banana, Pineapple, Vegetables"
Jhenaidah,Kotchandpur,Summer,"Mango, Litchi, Guava"
Jhenaidah,Kotchandpur,Winter,"Cauliflower, Cabbage, Carrot"
Jhenaidah,Moheshpur,Kharif,"Rice, Jute, Vegetables"
Jhenaidah,Moheshpur,Rabi,"Wheat, Mustard, Potato"
Jhenaidah,Moheshpur,Whole Year,"Banana, Pineapple, Vegetables"
Jhenaidah,Moheshpur,Summer,"Mango, Litchi, Guava"
Jhenaidah,Moheshpur,Winter,"Cauliflower, Cabbage, Carrot"
Khagrachari,Dighinala,Kharif,"Rice, Jute, Vegetables"
Khagrachari,Dighinala,Rabi,"Wheat, Mustard, Potato"
Khagrachari,Dighinala,Whole Year,"Banana, Pineapple, Vegetables"
Khagrachari,Dighinala,Summer,"Mango, Litchi, Guava"
Khagrachari,Dighinala,Winter,"Cauliflower, Cabbage, Carrot"
Khagrachari,Laxmichhari,Kharif,"Rice, Jute, Vegetables"
Khagrachari,Laxmichhari,Rabi,"Wheat, Mustard, Potato"
Khagrachari,Laxmichhari,Whole Year,"Banana, Pineapple, Vegetables"
Khagrachari,Laxmichhari,Summer,"Mango, Litchi, Guava"
Khagrachari,Laxmichhari,Winter,"Cauliflower, Cabbage, Carrot"
Khagrachari,Mahalchhari,Kharif,"Rice, Jute, Vegetables"
Khagrachari,Mahalchhari,Rabi,"Wheat, Mustard, Potato"
Khagrachari,Mahalchhari,Whole Year,"Banana, Pineapple, Vegetables"
Khagrachari,Mahalchhari,Summer,"Mango, Litchi, Guava"
Khagrachari,Mahalchhari,Winter,"Cauliflower, Cabbage, Carrot"
Khagrachari,Matiranga,Kharif,"Rice, Jute, Vegetables"
Khagrachari,Matiranga,Rabi,"Wheat, Mustard, Potato"
Khagrachari,Matiranga,Whole Year,"Banana, Pineapple, Vegetables"
Khagrachari,Matiranga,Summer,"Mango, Litchi, Guava"
Khagrachari,Matiranga,Winter,"Cauliflower, Cabbage, Carrot"
Khagrachari,Panchhari,Kharif,"Rice, Jute, Vegetables"
Khagrachari,Panchhari,Rabi,"Wheat, Mustard, Potato"
Khagrachari,Panchhari,Whole Year,"Banana, Pineapple, Vegetables"
Khagrachari,Panchhari,Summer,"Mango, Litchi, Guava"
Khagrachari,Panchhari,Winter,"Cauliflower, Cabbage, Carrot"
Khulna,Batiaghata,Kharif,"Rice, Jute, Vegetables"
Khulna,Batiaghata,Rabi,"Wheat, Mustard, Potato"
Khulna,Batiaghata,Whole Year,"Banana, Pineapple, Vegetables"
Khulna,Batiaghata,Summer,"Mango, Litchi, Guava"
Khulna,Batiaghata,Winter,"Cauliflower, Cabbage, Carrot"
Khulna,Dacope,Kharif,"Rice, Jute, Vegetables"
Khulna,Dacope,Rabi,"Wheat, Mustard, Potato"
Khulna,Dacope,Whole Year,"Banana, Pineapple, Vegetables"
Khulna,Dacope,Summer,"Mango, Litchi, Guava"
Khulna,Dacope,Winter,"Cauliflower, Cabbage, Carrot"
Khulna,Dumuria,Kharif,"Rice, Jute, Vegetables"
Khulna,Dumuria,Rabi,"Wheat, Mustard, Potato"
Khulna,Dumuria,Whole Year,"Banana, Pineapple, Vegetables"
Khulna,Dumuria,Summer,"Mango, Litchi, Guava"
Khulna,Dumuria,Winter,"Cauliflower, Cabbage, Carrot"
Khulna,Koyra,Kharif,"Rice, Jute, Vegetables"
Khulna,Koyra,Rabi,"Wheat, Mustard, Potato"
Khulna,Koyra,Whole Year,"Banana, Pineapple, Vegetables"
Khulna,Koyra,Summer,"Mango, Litchi, Guava"
Khulna,Koyra,Winter,"Cauliflower, Cabbage, Carrot"
Khulna,Paikgachha,Kharif,"Rice, Jute, Vegetables"
Khulna,Paikgachha,Rabi,"Wheat, Mustard, Potato"
Khulna,Paikgachha,Whole Year,"Banana, Pineapple, Vegetables"
Khulna,Paikgachha,Summer,"Mango, Litchi, Guava"
Khulna,Paikgachha,Winter,"Cauliflower, Cabbage, Carrot"
Kishoreganj,Austagram,Kharif,"Rice, Jute, Vegetables"
Kishoreganj,Austagram,Rabi,"Wheat, Mustard, Potato"
Kishoreganj,Austagram,Whole Year,"Banana, Pineapple, Vegetables"
Kishoreganj,Austagram,Summer,"Mango, Litchi, Guava"
Kishoreganj,Austagram,Winter,"Cauliflower, Cabbage, Carrot"
Kishoreganj,Bajitpur,Kharif,"Rice, Jute, Vegetables"
Kishoreganj,Bajitpur,Rabi,"Wheat, Mustard, Potato"
Kishoreganj,Bajitpur,Whole Year,"Banana, Pineapple, Vegetables"
Kishoreganj,Bajitpur,Summer,"Mango, Litchi, Guava"
Kishoreganj,Bajitpur,Winter,"Cauliflower, Cabbage, Carrot"
Kishoreganj,Bhairab,Kharif,"Rice, Jute, Vegetables"
Kishoreganj,Bhairab,Rabi,"Wheat, Mustard, Potato"
Kishoreganj,Bhairab,Whole Year,"Banana, Pineapple, Vegetables"
Kishoreganj,Bhairab,Summer,"Mango, Litchi, Guava"
Kishoreganj,Bhairab,Winter,"Cauliflower, Cabbage, Carrot"
Kishoreganj,Hossainpur,Kharif,"Rice, Jute, Vegetables"
Kishoreganj,Hossainpur,Rabi,"Wheat, Mustard, Potato"
Kishoreganj,Hossainpur,Whole Year,"Banana, Pineapple, Vegetables"
Kishoreganj,Hossainpur,Summer,"Mango, Litchi, Guava"
Kishoreganj,Hossainpur,Winter,"Cauliflower, Cabbage, Carrot"
Kishoreganj,Itna,Kharif,"Rice, Jute, Vegetables"
Kishoreganj,Itna,Rabi,"Wheat, Mustard, Potato"
Kishoreganj,Itna,Whole Year,"Banana, Pineapple, Vegetables"
Kishoreganj,Itna,Summer,"Mango, Litchi, Guava"
Kishoreganj,Itna,Winter,"Cauliflower, Cabbage, Carrot"
Kurigram,Bhurungamari,Kharif,"Rice, Jute, Vegetables"
Kurigram,Bhurungamari,Rabi,"Wheat, Mustard, Potato"
Kurigram,Bhurungamari,Whole Year,"Banana, Pineapple, Vegetables"
Kurigram,Bhurungamari,Summer,"Mango, Litchi, Guava"
Kurigram,Bhurungamari,Winter,"Cauliflower, Cabbage, Carrot"
Kurigram,Char Rajibpur,Kharif,"Rice, Jute, Vegetables"
Kurigram,Char Rajibpur,Rabi,"Wheat, Mustard, Potato"
Kurigram,Char Rajibpur,Whole Year,"Banana, Pineapple, Vegetables"
Kurigram,Char Rajibpur,Summer,"Mango, Litchi, Guava"
Kurigram,Char Rajibpur,Winter,"Cauliflower, Cabbage, Carrot"
Kurigram,Chilmari,Kharif,"Rice, Jute, Vegetables"
Kurigram,Chilmari,Rabi,"Wheat, Mustard, Potato"
Kurigram,Chilmari,Whole Year,"Banana, Pineapple, Vegetables"
Kurigram,Chilmari,Summer,"Mango, Litchi, Guava"
Kurigram,Chilmari,Winter,"Cauliflower, Cabbage, Carrot"
Kurigram,Phulbari,Kharif,"Rice, Jute, Vegetables"
Kurigram,Phulbari,Rabi,"Wheat, Mustard, Potato"
Kurigram,Phulbari,Whole Year,"Banana, Pineapple, Vegetables"
Kurigram,Phulbari,Summer,"Mango, Litchi, Guava"
Kurigram,Phulbari,Winter,"Cauliflower, Cabbage, Carrot"
Kurigram,Nageshwari,Kharif,"Rice, Jute, Vegetables"
Kurigram,Nageshwari,Rabi,"Wheat, Mustard, Potato"
Kurigram,Nageshwari,Whole Year,"Banana, Pineapple, Vegetables"
Kurigram,Nageshwari,Summer,"Mango, Litchi, Guava"
Kurigram,Nageshwari,Winter,"Cauliflower, Cabbage, Carrot"
Kushtia,Bheramara,Kharif,"Rice, Jute, Vegetables"
Kushtia,Bheramara,Rabi,"Wheat, Mustard, Potato"
Kushtia,Bheramara,Whole Year,"Banana, Pineapple, Vegetables"
Kushtia,Bheramara,Summer,"Mango, Litchi, Guava"
Kushtia,Bheramara,Winter,"Cauliflower, Cabbage, Carrot"
Kushtia,Daulatpur,Kharif,"Rice, Jute, Vegetables"
Kushtia,Daulatpur,Rabi,"Wheat, Mustard, Potato"
Kushtia,Daulatpur,Whole Year,"Banana, Pineapple, Vegetables"
Kushtia,Daulatpur,Summer,"Mango, Litchi, Guava"
Kushtia,Daulatpur,Winter,"Cauliflower, Cabbage, Carrot"
Kushtia,Khoksa,Kharif,"Rice, Jute, Vegetables"
Kushtia,Khoksa,Rabi,"Wheat, Mustard, Potato"
Kushtia,Khoksa,Whole Year,"Banana, Pineapple, Vegetables"
Kushtia,Khoksa,Summer,"Mango, Litchi, Guava"
Kushtia,Khoksa,Winter,"Cauliflower, Cabbage, Carrot"
Kushtia,Kumarkhali,Kharif,"Rice, Jute, Vegetables"
Kushtia,Kumarkhali,Rabi,"Wheat, Mustard, Potato"
Kushtia,Kumarkhali,Whole Year,"Banana, Pineapple, Vegetables"
Kushtia,Kumarkhali,Summer,"Mango, Litchi, Guava"
Kushtia,Kumarkhali,Winter,"Cauliflower, Cabbage, Carrot"
Kushtia,Mirpur,Kharif,"Rice, Jute, Vegetables"
Kushtia,Mirpur,Rabi,"Wheat, Mustard, Potato"
Kushtia,Mirpur,Whole Year,"Banana, Pineapple, Vegetables"
Kushtia,Mirpur,Summer,"Mango, Litchi, Guava"
Kushtia,Mirpur,Winter,"Cauliflower, Cabbage, Carrot"
Lakshmipur,Ramganj,Kharif,"Rice, Jute, Vegetables"
Lakshmipur,Ramganj,Rabi,"Wheat, Mustard, Potato"
Lakshmipur,Ramganj,Whole Year,"Banana, Pineapple, Vegetables"
Lakshmipur,Ramganj,Summer,"Mango, Litchi, Guava"
Lakshmipur,Ramganj,Winter,"Cauliflower, Cabbage, Carrot"
Lakshmipur,Raipur,Kharif,"Rice, Jute, Vegetables"
Lakshmipur,Raipur,Rabi,"Wheat, Mustard, Potato"
Lakshmipur,Raipur,Whole Year,"Banana, Pineapple, Vegetables"
Lakshmipur,Raipur,Summer,"Mango, Litchi, Guava"
Lakshmipur,Raipur,Winter,"Cauliflower, Cabbage, Carrot"
Lakshmipur,Lakshmipur Sadar,Kharif,"Rice, Jute, Vegetables"
Lakshmipur,Lakshmipur Sadar,Rabi,"Wheat, Mustard, Potato"
Lakshmipur,Lakshmipur Sadar,Whole Year,"Banana, Pineapple, Vegetables"
Lakshmipur,Lakshmipur Sadar,Summer,"Mango, Litchi, Guava"
Lakshmipur,Lakshmipur Sadar,Winter,"Cauliflower, Cabbage, Carrot"
Lakshmipur,Kamalnagar,Kharif,"Rice, Jute, Vegetables"
Lakshmipur,Kamalnagar,Rabi,"Wheat, Mustard, Potato"
Lakshmipur,Kamalnagar,Whole Year,"Banana, Pineapple, Vegetables"
Lakshmipur,Kamalnagar,Summer,"Mango, Litchi, Guava"
Lakshmipur,Kamalnagar,Winter,"Cauliflower, Cabbage, Carrot"
Lalmonirhat,Aditmari,Kharif,"Rice, Jute, Vegetables"
Lalmonirhat,Aditmari,Rabi,"Wheat, Mustard, Potato"
Lalmonirhat,Aditmari,Whole Year,"Banana, Pineapple, Vegetables"
Lalmonirhat,Aditmari,Summer,"Mango, Litchi, Guava"
Lalmonirhat,Aditmari,Winter,"Cauliflower, Cabbage, Carrot"
Lalmonirhat,Hatibandha,Kharif,"Rice, Jute, Vegetables"
Lalmonirhat,Hatibandha,Rabi,"Wheat, Mustard, Potato"
Lalmonirhat,Hatibandha,Whole Year,"Banana, Pineapple, Vegetables"
Lalmonirhat,Hatibandha,Summer,"Mango, Litchi, Guava"
Lalmonirhat,Hatibandha,Winter,"Cauliflower, Cabbage, Carrot"
Lalmonirhat,Kaliganj,Kharif,"Rice, Jute, Vegetables"
Lalmonirhat,Kaliganj,Rabi,"Wheat, Mustard, Potato"
Lalmonirhat,Kaliganj,Whole Year,"Banana, Pineapple, Vegetables"
Lalmonirhat,Kaliganj,Summer,"Mango, Litchi, Guava"
Lalmonirhat,Kaliganj,Winter,"Cauliflower, Cabbage, Carrot"
Lalmonirhat,Patgram,Kharif,"Rice, Jute, Vegetables"
Lalmonirhat,Patgram,Rabi,"Wheat, Mustard, Potato"
Lalmonirhat,Patgram,Whole Year,"Banana, Pineapple, Vegetables"
Lalmonirhat,Patgram,Summer,"Mango, Litchi, Guava"
Lalmonirhat,Patgram,Winter,"Cauliflower, Cabbage, Carrot"
Madaripur,Rajoir,Kharif,"Rice, Jute, Vegetables"
Madaripur,Rajoir,Rabi,"Wheat, Mustard, Potato"
Madaripur,Rajoir,Whole Year,"Banana, Pineapple, Vegetables"
Madaripur,Rajoir,Summer,"Mango, Litchi, Guava"
Madaripur,Rajoir,Winter,"Cauliflower, Cabbage, Carrot"
Madaripur,Shibchar,Kharif,"Rice, Jute, Vegetables"
Madaripur,Shibchar,Rabi,"Wheat, Mustard, Potato"
Madaripur,Shibchar,Whole Year,"Banana, Pineapple, Vegetables"
Madaripur,Shibchar,Summer,"Mango, Litchi, Guava"
Madaripur,Shibchar,Winter,"Cauliflower, Cabbage, Carrot"
Madaripur,Kalkini,Kharif,"Rice, Jute, Vegetables"
Madaripur,Kalkini,Rabi,"Wheat, Mustard, Potato"
Madaripur,Kalkini,Whole Year,"Banana, Pineapple, Vegetables"
Madaripur,Kalkini,Summer,"Mango, Litchi, Guava"
Madaripur,Kalkini,Winter,"Cauliflower, Cabbage, Carrot"
Magura,Mohammadpur,Kharif,"Rice, Jute, Vegetables"
Magura,Mohammadpur,Rabi,"Wheat, Mustard, Potato"
Magura,Mohammadpur,Whole Year,"Banana, Pineapple, Vegetables"
Magura,Mohammadpur,Summer,"Mango, Litchi, Guava"
Magura,Mohammadpur,Winter,"Cauliflower, Cabbage, Carrot"
Magura,Sreepur,Kharif,"Rice, Jute, Vegetables"
Magura,Sreepur,Rabi,"Wheat, Mustard, Potato"
Magura,Sreepur,Whole Year,"Banana, Pineapple, Vegetables"
Magura,Sreepur,Summer,"Mango, Litchi, Guava"
Magura,Sreepur,Winter,"Cauliflower, Cabbage, Carrot"
Magura,Shalikha,Kharif,"Rice, Jute, Vegetables"
Magura,Shalikha,Rabi,"Wheat, Mustard, Potato"
Magura,Shalikha,Whole Year,"Banana, Pineapple, Vegetables"
Magura,Shalikha,Summer,"Mango, Litchi, Guava"
Magura,Shalikha,Winter,"Cauliflower, Cabbage, Carrot"
Manikganj,Daulatpur,Kharif,"Rice, Jute, Vegetables"
Manikganj,Daulatpur,Rabi,"Wheat, Mustard, Potato"
Manikganj,Daulatpur,Whole Year,"Banana, Pineapple, Vegetables"
Manikganj,Daulatpur,Summer,"Mango, Litchi, Guava"
Manikganj,Daulatpur,Winter,"Cauliflower, Cabbage, Carrot"
Manikganj,Ghior,Kharif,"Rice, Jute, Vegetables"
Manikganj,Ghior,Rabi,"Wheat, Mustard, Potato"
Manikganj,Ghior,Whole Year,"Banana, Pineapple, Vegetables"
Manikganj,Ghior,Summer,"Mango, Litchi, Guava"
Manikganj,Ghior,Winter,"Cauliflower, Cabbage, Carrot"
Manikganj,Harirampur,Kharif,"Rice, Jute, Vegetables"
Manikganj,Harirampur,Rabi,"Wheat, Mustard, Potato"
Manikganj,Harirampur,Whole Year,"Banana, Pineapple, Vegetables"
Manikganj,Harirampur,Summer,"Mango, Litchi, Guava"
Manikganj,Harirampur,Winter,"Cauliflower, Cabbage, Carrot"
Manikganj,Saturia,Kharif,"Rice, Jute, Vegetables"
Manikganj,Saturia,Rabi,"Wheat, Mustard, Potato"
Manikganj,Saturia,Whole Year,"Banana, Pineapple, Vegetables"
Manikganj,Saturia,Summer,"Mango, Litchi, Guava"
Manikganj,Saturia,Winter,"Cauliflower, Cabbage, Carrot"
Meherpur,Gangni,Kharif,"Rice, Jute, Vegetables"
Meherpur,Gangni,Rabi,"Wheat, Mustard, Potato"
Meherpur,Gangni,Whole Year,"Banana, Pineapple, Vegetables"
Meherpur,Gangni,Summer,"Mango, Litchi, Guava"
Meherpur,Gangni,Winter,"Cauliflower, Cabbage, Carrot"
Meherpur,Mujibnagar,Kharif,"Rice, Jute, Vegetables"
Meherpur,Mujibnagar,Rabi,"Wheat, Mustard, Potato"
Meherpur,Mujibnagar,Whole Year,"Banana, Pineapple, Vegetables"
Meherpur,Mujibnagar,Summer,"Mango, Litchi, Guava"
Meherpur,Mujibnagar,Winter,"Cauliflower, Cabbage, Carrot"
Moulvibazar,Barlekha,Kharif,"Rice, Jute, Vegetables"
Moulvibazar,Barlekha,Rabi,"Wheat, Mustard, Potato"
Moulvibazar,Barlekha,Whole Year,"Banana, Pineapple, Vegetables"
Moulvibazar,Barlekha,Summer,"Mango, Litchi, Guava"
Moulvibazar,Barlekha,Winter,"Cauliflower, Cabbage, Carrot"
Moulvibazar,Juri,Kharif,"Rice, Jute, Vegetables"
Moulvibazar,Juri,Rabi,"Wheat, Mustard, Potato"
Moulvibazar,Juri,Whole Year,"Banana, Pineapple, Vegetables"
Moulvibazar,Juri,Summer,"Mango, Litchi, Guava"
Moulvibazar,Juri,Winter,"Cauliflower, Cabbage, Carrot"
Moulvibazar,Kamalganj,Kharif,"Rice, Jute, Vegetables"
Moulvibazar,Kamalganj,Rabi,"Wheat, Mustard, Potato"
Moulvibazar,Kamalganj,Whole Year,"Banana, Pineapple, Vegetables"
Moulvibazar,Kamalganj,Summer,"Mango, Litchi, Guava"
Moulvibazar,Kamalganj,Winter,"Cauliflower, Cabbage, Carrot"
Moulvibazar,Kulaura,Kharif,"Rice, Jute, Vegetables"
Moulvibazar,Kulaura,Rabi,"Wheat, Mustard, Potato"
Moulvibazar,Kulaura,Whole Year,"Banana, Pineapple, Vegetables"
Moulvibazar,Kulaura,Summer,"Mango, Litchi, Guava"
Moulvibazar,Kulaura,Winter,"Cauliflower, Cabbage, Carrot"
Munshiganj,Gazaria,Kharif,"Rice, Jute, Vegetables"
Munshiganj,Gazaria,Rabi,"Wheat, Mustard, Potato"
Munshiganj,Gazaria,Whole Year,"Banana, Pineapple, Vegetables"
Munshiganj,Gazaria,Summer,"Mango, Litchi, Guava"
Munshiganj,Gazaria,Winter,"Cauliflower, Cabbage, Carrot"
Munshiganj,Lohajang,Kharif,"Rice, Jute, Vegetables"
Munshiganj,Lohajang,Rabi,"Wheat, Mustard, Potato"
Munshiganj,Lohajang,Whole Year,"Banana, Pineapple, Vegetables"
Munshiganj,Lohajang,Summer,"Mango, Litchi, Guava"
Munshiganj,Lohajang,Winter,"Cauliflower, Cabbage, Carrot"
Munshiganj,Sirajdikhan,Kharif,"Rice, Jute, Vegetables"
Munshiganj,Sirajdikhan,Rabi,"Wheat, Mustard, Potato"
Munshiganj,Sirajdikhan,Whole Year,"Banana, Pineapple, Vegetables"
Munshiganj,Sirajdikhan,Summer,"Mango, Litchi, Guava"
Munshiganj,Sirajdikhan,Winter,"Cauliflower, Cabbage, Carrot"
Munshiganj,Sreenagar,Kharif,"Rice, Jute, Vegetables"
Munshiganj,Sreenagar,Rabi,"Wheat, Mustard, Potato"
Munshiganj,Sreenagar,Whole Year,"Banana, Pineapple, Vegetables"
Munshiganj,Sreenagar,Summer,"Mango, Litchi, Guava"
Munshiganj,Sreenagar,Winter,"Cauliflower, Cabbage, Carrot"
Mymensingh,Bhaluka,Kharif,"Rice, Jute, Vegetables"
Mymensingh,Bhaluka,Rabi,"Wheat, Mustard, Potato"
Mymensingh,Bhaluka,Whole Year,"Banana, Pineapple, Vegetables"
Mymensingh,Bhaluka,Summer,"Mango, Litchi, Guava"
Mymensingh,Bhaluka,Winter,"Cauliflower, Cabbage, Carrot"
Mymensingh,Dhobaura,Kharif,"Rice, Jute, Vegetables"
Mymensingh,Dhobaura,Rabi,"Wheat, Mustard, Potato"
Mymensingh,Dhobaura,Whole Year,"Banana, Pineapple, Vegetables"
Mymensingh,Dhobaura,Summer,"Mango, Litchi, Guava"
Mymensingh,Dhobaura,Winter,"Cauliflower, Cabbage, Carrot"
Mymensingh,Fulbaria,Kharif,"Rice, Jute, Vegetables"
Mymensingh,Fulbaria,Rabi,"Wheat, Mustard, Potato"
Mymensingh,Fulbaria,Whole Year,"Banana, Pineapple, Vegetables"
Mymensingh,Fulbaria,Summer,"Mango, Litchi, Guava"
Mymensingh,Fulbaria,Winter,"Cauliflower, Cabbage, Carrot"
Mymensingh,Gaffargaon,Kharif,"Rice, Jute, Vegetables"
Mymensingh,Gaffargaon,Rabi,"Wheat, Mustard, Potato"
Mymensingh,Gaffargaon,Whole Year,"Banana, Pineapple, Vegetables"
Mymensingh,Gaffargaon,Summer,"Mango, Litchi, Guava"
Mymensingh,Gaffargaon,Winter,"Cauliflower, Cabbage, Carrot"
Mymensingh,Gauripur,Kharif,"Rice, Jute, Vegetables"
Mymensingh,Gauripur,Rabi,"Wheat, Mustard, Potato"
Mymensingh,Gauripur,Whole Year,"Banana, Pineapple, Vegetables"
Mymensingh,Gauripur,Summer,"Mango, Litchi, Guava"
Mymensingh,Gauripur,Winter,"Cauliflower, Cabbage, Carrot"
Naogaon,Atrai,Kharif,"Rice, Jute, Vegetables"
Naogaon,Atrai,Rabi,"Wheat, Mustard, Potato"
Naogaon,Atrai,Whole Year,"Banana, Pineapple, Vegetables"
Naogaon,Atrai,Summer,"Mango, Litchi, Guava"
Naogaon,Atrai,Winter,"Cauliflower, Cabbage, Carrot"
Naogaon,Badalgachhi,Kharif,"Rice, Jute, Vegetables"
Naogaon,Badalgachhi,Rabi,"Wheat, Mustard, Potato"
Naogaon,Badalgachhi,Whole Year,"Banana, Pineapple, Vegetables"
Naogaon,Badalgachhi,Summer,"Mango, Litchi, Guava"
Naogaon,Badalgachhi,Winter,"Cauliflower, Cabbage, Carrot"
Naogaon,Dhamoirhat,Kharif,"Rice, Jute, Vegetables"
Naogaon,Dhamoirhat,Rabi,"Wheat, Mustard, Potato"
Naogaon,Dhamoirhat,Whole Year,"Banana, Pineapple, Vegetables"
Naogaon,Dhamoirhat,Summer,"Mango, Litchi, Guava"
Naogaon,Dhamoirhat,Winter,"Cauliflower, Cabbage, Carrot"
Naogaon,Manda,Kharif,"Rice, Jute, Vegetables"
Naogaon,Manda,Rabi,"Wheat, Mustard, Potato"
Naogaon,Manda,Whole Year,"Banana, Pineapple, Vegetables"
Naogaon,Manda,Summer,"Mango, Litchi, Guava"
Naogaon,Manda,Winter,"Cauliflower, Cabbage, Carrot"
Naogaon,Mohadevpur,Kharif,"Rice, Jute, Vegetables"
Naogaon,Mohadevpur,Rabi,"Wheat, Mustard, Potato"
Naogaon,Mohadevpur,Whole Year,"Banana, Pineapple, Vegetables"
Naogaon,Mohadevpur,Summer,"Mango, Litchi, Guava"
Naogaon,Mohadevpur,Winter,"Cauliflower, Cabbage, Carrot"
Narail,Kalia,Kharif,"Rice, Jute, Vegetables"
Narail,Kalia,Rabi,"Wheat, Mustard, Potato"
Narail,Kalia,Whole Year,"Banana, Pineapple, Vegetables"
Narail,Kalia,Summer,"Mango, Litchi, Guava"
Narail,Kalia,Winter,"Cauliflower, Cabbage, Carrot"
Narail,Lohagara,Kharif,"Rice, Jute, Vegetables"
Narail,Lohagara,Rabi,"Wheat, Mustard, Potato"
Narail,Lohagara,Whole Year,"Banana, Pineapple, Vegetables"
Narail,Lohagara,Summer,"Mango, Litchi, Guava"
Narail,Lohagara,Winter,"Cauliflower, Cabbage, Carrot"
Narail,Narail Sadar,Kharif,"Rice, Jute, Vegetables"
Narail,Narail Sadar,Rabi,"Wheat, Mustard, Potato"
Narail,Narail Sadar,Whole Year,"Banana, Pineapple, Vegetables"
Narail,Narail Sadar,Summer,"Mango, Litchi, Guava"
Narail,Narail Sadar,Winter,"Cauliflower, Cabbage, Carrot"
Narayanganj,Araihazar,Kharif,"Rice, Jute, Vegetables"
Narayanganj,Araihazar,Rabi,"Wheat, Mustard, Potato"
Narayanganj,Araihazar,Whole Year,"Banana, Pineapple, Vegetables"
Narayanganj,Araihazar,Summer,"Mango, Litchi, Guava"
Narayanganj,Araihazar,Winter,"Cauliflower, Cabbage, Carrot"
Narayanganj,Bandar,Kharif,"Rice, Jute, Vegetables"
Narayanganj,Bandar,Rabi,"Wheat, Mustard, Potato"
Narayanganj,Bandar,Whole Year,"Banana, Pineapple, Vegetables"
Narayanganj,Bandar,Summer,"Mango, Litchi, Guava"
Narayanganj,Bandar,Winter,"Cauliflower, Cabbage, Carrot"
Narayanganj,Rupganj,Kharif,"Rice, Jute, Vegetables"
Narayanganj,Rupganj,Rabi,"Wheat, Mustard, Potato"
Narayanganj,Rupganj,Whole Year,"Banana, Pineapple, Vegetables"
Narayanganj,Rupganj,Summer,"Mango, Litchi, Guava"
Narayanganj,Rupganj,Winter,"Cauliflower, Cabbage, Carrot"
Narayanganj,Sonargaon,Kharif,"Rice, Jute, Vegetables"
Narayanganj,Sonargaon,Rabi,"Wheat, Mustard, Potato"
Narayanganj,Sonargaon,Whole Year,"Banana, Pineapple, Vegetables"
Narayanganj,Sonargaon,Summer,"Mango, Litchi, Guava"
Narayanganj,Sonargaon,Winter,"Cauliflower, Cabbage, Carrot"
Narsingdi,Belabo,Kharif,"Rice, Jute, Vegetables"
Narsingdi,Belabo,Rabi,"Wheat, Mustard, Potato"
Narsingdi,Belabo,Whole Year,"Banana, Pineapple, Vegetables"
Narsingdi,Belabo,Summer,"Mango, Litchi, Guava"
Narsingdi,Belabo,Winter,"Cauliflower, Cabbage, Carrot"
Narsingdi,Monohardi,Kharif,"Rice, Jute, Vegetables"
Narsingdi,Monohardi,Rabi,"Wheat, Mustard, Potato"
Narsingdi,Monohardi,Whole Year,"Banana, Pineapple, Vegetables"
Narsingdi,Monohardi,Summer,"Mango, Litchi, Guava"
Narsingdi,Monohardi,Winter,"Cauliflower, Cabbage, Carrot"
Narsingdi,Palash,Kharif,"Rice, Jute, Vegetables"
Narsingdi,Palash,Rabi,"Wheat, Mustard, Potato"
Narsingdi,Palash,Whole Year,"Banana, Pineapple, Vegetables"
Narsingdi,Palash,Summer,"Mango, Litchi, Guava"
Narsingdi,Palash,Winter,"Cauliflower, Cabbage, Carrot"
Narsingdi,Raipura,Kharif,"Rice, Jute, Vegetables"
Narsingdi,Raipura,Rabi,"Wheat, Mustard, Potato"
Narsingdi,Raipura,Whole Year,"Banana, Pineapple, Vegetables"
Narsingdi,Raipura,Summer,"Mango, Litchi, Guava"
Narsingdi,Raipura,Winter,"Cauliflower, Cabbage, Carrot"
Narsingdi,Shibpur,Kharif,"Rice, Jute, Vegetables"
Narsingdi,Shibpur,Rabi,"Wheat, Mustard, Potato"
Narsingdi,Shibpur,Whole Year,"Banana, Pineapple, Vegetables"
Narsingdi,Shibpur,Summer,"Mango, Litchi, Guava"
Narsingdi,Shibpur,Winter,"Cauliflower, Cabbage, Carrot"
Natore,Bagatipara,Kharif,"Rice, Jute, Vegetables"
Natore,Bagatipara,Rabi,"Wheat, Mustard, Potato"
Natore,Bagatipara,Whole Year,"Banana, Pineapple, Vegetables"
Natore,Bagatipara,Summer,"Mango, Litchi, Guava"
Natore,Bagatipara,Winter,"Cauliflower, Cabbage, Carrot"
Natore,Baraigram,Kharif,"Rice, Jute, Vegetables"
Natore,Baraigram,Rabi,"Wheat, Mustard, Potato"
Natore,Baraigram,Whole Year,"Banana, Pineapple, Vegetables"
Natore,Baraigram,Summer,"Mango, Litchi, Guava"
Natore,Baraigram,Winter,"Cauliflower, Cabbage, Carrot"
Natore,Gurudaspur,Kharif,"Rice, Jute, Vegetables"
Natore,Gurudaspur,Rabi,"Wheat, Mustard, Potato"
Natore,Gurudaspur,Whole Year,"Banana, Pineapple, Vegetables"
Natore,Gurudaspur,Summer,"Mango, Litchi, Guava"
Natore,Gurudaspur,Winter,"Cauliflower, Cabbage, Carrot"
Natore,Lalpur,Kharif,"Rice, Jute, Vegetables"
Natore,Lalpur,Rabi,"Wheat, Mustard, Potato"
Natore,Lalpur,Whole Year,"Banana, Pineapple, Vegetables"
Natore,Lalpur,Summer,"Mango, Litchi, Guava"
Natore,Lalpur,Winter,"Cauliflower, Cabbage, Carrot"
Netrokona,Atpara,Kharif,"Rice, Jute, Vegetables"
Netrokona,Atpara,Rabi,"Wheat, Mustard, Potato"
Netrokona,Atpara,Whole Year,"Banana, Pineapple, Vegetables"
Netrokona,Atpara,Summer,"Mango, Litchi, Guava"
Netrokona,Atpara,Winter,"Cauliflower, Cabbage, Carrot"
Netrokona,Barhatta,Kharif,"Rice, Jute, Vegetables"
Netrokona,Barhatta,Rabi,"Wheat, Mustard, Potato"
Netrokona,Barhatta,Whole Year,"Banana, Pineapple, Vegetables"
Netrokona,Barhatta,Summer,"Mango, Litchi, Guava"
Netrokona,Barhatta,Winter,"Cauliflower, Cabbage, Carrot"
Netrokona,Durgapur,Kharif,"Rice, Jute, Vegetables"
Netrokona,Durgapur,Rabi,"Wheat, Mustard, Potato"
Netrokona,Durgapur,Whole Year,"Banana, Pineapple, Vegetables"
Netrokona,Durgapur,Summer,"Mango, Litchi, Guava"
Netrokona,Durgapur,Winter,"Cauliflower, Cabbage, Carrot"
Netrokona,Kalmakanda,Kharif,"Rice, Jute, Vegetables"
Netrokona,Kalmakanda,Rabi,"Wheat, Mustard, Potato"
Netrokona,Kalmakanda,Whole Year,"Banana, Pineapple, Vegetables"
Netrokona,Kalmakanda,Summer,"Mango, Litchi, Guava"
Netrokona,Kalmakanda,Winter,"Cauliflower, Cabbage, Carrot"
Nilphamari,Dimla,Kharif,"Rice, Jute, Vegetables"
Nilphamari,Dimla,Rabi,"Wheat, Mustard, Potato"
Nilphamari,Dimla,Whole Year,"Banana, Pineapple, Vegetables"
Nilphamari,Dimla,Summer,"Mango, Litchi, Guava"
Nilphamari,Dimla,Winter,"Cauliflower, Cabbage, Carrot"
Nilphamari,Domar,Kharif,"Rice, Jute, Vegetables"
Nilphamari,Domar,Rabi,"Wheat, Mustard, Potato"
Nilphamari,Domar,Whole Year,"Banana, Pineapple, Vegetables"
Nilphamari,Domar,Summer,"Mango, Litchi, Guava"
Nilphamari,Domar,Winter,"Cauliflower, Cabbage, Carrot"
Nilphamari,Jaldhaka,Kharif,"Rice, Jute, Vegetables"
Nilphamari,Jaldhaka,Rabi,"Wheat, Mustard, Potato"
Nilphamari,Jaldhaka,Whole Year,"Banana, Pineapple, Vegetables"
Nilphamari,Jaldhaka,Summer,"Mango, Litchi, Guava"
Nilphamari,Jaldhaka,Winter,"Cauliflower, Cabbage, Carrot"
Nilphamari,Kishoreganj,Kharif,"Rice, Jute, Vegetables"
Nilphamari,Kishoreganj,Rabi,"Wheat, Mustard, Potato"
Nilphamari,Kishoreganj,Whole Year,"Banana, Pineapple, Vegetables"
Nilphamari,Kishoreganj,Summer,"Mango, Litchi, Guava"
Nilphamari,Kishoreganj,Winter,"Cauliflower, Cabbage, Carrot"
Noakhali,Begumganj,Kharif,"Rice, Jute, Vegetables"
Noakhali,Begumganj,Rabi,"Wheat, Mustard, Potato"
Noakhali,Begumganj,Whole Year,"Banana, Pineapple, Vegetables"
Noakhali,Begumganj,Summer,"Mango, Litchi, Guava"
Noakhali,Begumganj,Winter,"Cauliflower, Cabbage, Carrot"
Noakhali,Hatiya,Kharif,"Rice, Jute, Vegetables"
Noakhali,Hatiya,Rabi,"Wheat, Mustard, Potato"
Noakhali,Hatiya,Whole Year,"Banana, Pineapple, Vegetables"
Noakhali,Hatiya,Summer,"Mango, Litchi, Guava"
Noakhali,Hatiya,Winter,"Cauliflower, Cabbage, Carrot"
Noakhali,Subarnachar,Kharif,"Rice, Jute, Vegetables"
Noakhali,Subarnachar,Rabi,"Wheat, Mustard, Potato"
Noakhali,Subarnachar,Whole Year,"Banana, Pineapple, Vegetables"
Noakhali,Subarnachar,Summer,"Mango, Litchi, Guava"
Noakhali,Subarnachar,Winter,"Cauliflower, Cabbage, Carrot"
Noakhali,Chatkhil,Kharif,"Rice, Jute, Vegetables"
Noakhali,Chatkhil,Rabi,"Wheat, Mustard, Potato"
Noakhali,Chatkhil,Whole Year,"Banana, Pineapple, Vegetables"
Noakhali,Chatkhil,Summer,"Mango, Litchi, Guava"
Noakhali,Chatkhil,Winter,"Cauliflower, Cabbage, Carrot"
Pabna,Atgharia,Kharif,"Rice, Jute, Vegetables"
Pabna,Atgharia,Rabi,"Wheat, Mustard, Potato"
Pabna,Atgharia,Whole Year,"Banana, Pineapple, Vegetables"
Pabna,Atgharia,Summer,"Mango, Litchi, Guava"
Pabna,Atgharia,Winter,"Cauliflower, Cabbage, Carrot"
Pabna,Bera,Kharif,"Rice, Jute, Vegetables"
Pabna,Bera,Rabi,"Wheat, Mustard, Potato"
Pabna,Bera,Whole Year,"Banana, Pineapple, Vegetables"
Pabna,Bera,Summer,"Mango, Litchi, Guava"
Pabna,Bera,Winter,"Cauliflower, Cabbage, Carrot"
Pabna,Bhangura,Kharif,"Rice, Jute, Vegetables"
Pabna,Bhangura,Rabi,"Wheat, Mustard, Potato"
Pabna,Bhangura,Whole Year,"Banana, Pineapple, Vegetables"
Pabna,Bhangura,Summer,"Mango, Litchi, Guava"
Pabna,Bhangura,Winter,"Cauliflower, Cabbage, Carrot"
Pabna,Chatmohar,Kharif,"Rice, Jute, Vegetables"
Pabna,Chatmohar,Rabi,"Wheat, Mustard, Potato"
Pabna,Chatmohar,Whole Year,"Banana, Pineapple, Vegetables"
Pabna,Chatmohar,Summer,"Mango, Litchi, Guava"
Pabna,Chatmohar,Winter,"Cauliflower, Cabbage, Carrot"
Panchagarh,Atwari,Kharif,"Rice, Jute, Vegetables"
Panchagarh,Atwari,Rabi,"Wheat, Mustard, Potato"
Panchagarh,Atwari,Whole Year,"Banana, Pineapple, Vegetables"
Panchagarh,Atwari,Summer,"Mango, Litchi, Guava"
Panchagarh,Atwari,Winter,"Cauliflower, Cabbage, Carrot"
Panchagarh,Boda,Kharif,"Rice, Jute, Vegetables"
Panchagarh,Boda,Rabi,"Wheat, Mustard, Potato"
Panchagarh,Boda,Whole Year,"Banana, Pineapple, Vegetables"
Panchagarh,Boda,Summer,"Mango, Litchi, Guava"
Panchagarh,Boda,Winter,"Cauliflower, Cabbage, Carrot"
Panchagarh,Debiganj,Kharif,"Rice, Jute, Vegetables"
Panchagarh,Debiganj,Rabi,"Wheat, Mustard, Potato"
Panchagarh,Debiganj,Whole Year,"Banana, Pineapple, Vegetables"
Panchagarh,Debiganj,Summer,"Mango, Litchi, Guava"
Panchagarh,Debiganj,Winter,"Cauliflower, Cabbage, Carrot"
Panchagarh,Tetulia,Kharif,"Rice, Jute, Vegetables"
Panchagarh,Tetulia,Rabi,"Wheat, Mustard, Potato"
Panchagarh,Tetulia,Whole Year,"Banana, Pineapple, Vegetables"
Panchagarh,Tetulia,Summer,"Mango, Litchi, Guava"
Panchagarh,Tetulia,Winter,"Cauliflower, Cabbage, Carrot"
Patuakhali,Bauphal,Kharif,"Rice, Jute, Vegetables"
Patuakhali,Bauphal,Rabi,"Wheat, Mustard, Potato"
Patuakhali,Bauphal,Whole Year,"Banana, Pineapple, Vegetables"
Patuakhali,Bauphal,Summer,"Mango, Litchi, Guava"
Patuakhali,Bauphal,Winter,"Cauliflower, Cabbage, Carrot"
Patuakhali,Dashmina,Kharif,"Rice, Jute, Vegetables"
Patuakhali,Dashmina,Rabi,"Wheat, Mustard, Potato"
Patuakhali,Dashmina,Whole Year,"Banana, Pineapple, Vegetables"
Patuakhali,Dashmina,Summer,"Mango, Litchi, Guava"
Patuakhali,Dashmina,Winter,"Cauliflower, Cabbage, Carrot"
Patuakhali,Galachipa,Kharif,"Rice, Jute, Vegetables"
Patuakhali,Galachipa,Rabi,"Wheat, Mustard, Potato"
Patuakhali,Galachipa,Whole Year,"Banana, Pineapple, Vegetables"
Patuakhali,Galachipa,Summer,"Mango, Litchi, Guava"
Patuakhali,Galachipa,Winter,"Cauliflower, Cabbage, Carrot"
Patuakhali,Kalapara,Kharif,"Rice, Jute, Vegetables"
Patuakhali,Kalapara,Rabi,"Wheat, Mustard, Potato"
Patuakhali,Kalapara,Whole Year,"Banana, Pineapple, Vegetables"
Patuakhali,Kalapara,Summer,"Mango, Litchi, Guava"
Patuakhali,Kalapara,Winter,"Cauliflower, Cabbage, Carrot"
Pirojpur,Bhandaria,Kharif,"Rice, Jute, Vegetables"
Pirojpur,Bhandaria,Rabi,"Wheat, Mustard, Potato"
Pirojpur,Bhandaria,Whole Year,"Banana, Pineapple, Vegetables"
Pirojpur,Bhandaria,Summer,"Mango, Litchi, Guava"
Pirojpur,Bhandaria,Winter,"Cauliflower, Cabbage, Carrot"
Pirojpur,Kawkhali,Kharif,"Rice, Jute, Vegetables"
Pirojpur,Kawkhali,Rabi,"Wheat, Mustard, Potato"
Pirojpur,Kawkhali,Whole Year,"Banana, Pineapple, Vegetables"
Pirojpur,Kawkhali,Summer,"Mango, Litchi, Guava"
Pirojpur,Kawkhali,Winter,"Cauliflower, Cabbage, Carrot"
Pirojpur,Mathbaria,Kharif,"Rice, Jute, Vegetables"
Pirojpur,Mathbaria,Rabi,"Wheat, Mustard, Potato"
Pirojpur,Mathbaria,Whole Year,"Banana, Pineapple, Vegetables"
Pirojpur,Mathbaria,Summer,"Mango, Litchi, Guava"
Pirojpur,Mathbaria,Winter,"Cauliflower, Cabbage, Carrot"
Pirojpur,Nazirpur,Kharif,"Rice, Jute, Vegetables"
Pirojpur,Nazirpur,Rabi,"Wheat, Mustard, Potato"
Pirojpur,Nazirpur,Whole Year,"Banana, Pineapple, Vegetables"
Pirojpur,Nazirpur,Summer,"Mango, Litchi, Guava"
Pirojpur,Nazirpur,Winter,"Cauliflower, Cabbage, Carrot"
Rajbari,Baliakandi,Kharif,"Rice, Jute, Vegetables"
Rajbari,Baliakandi,Rabi,"Wheat, Mustard, Potato"
Rajbari,Baliakandi,Whole Year,"Banana, Pineapple, Vegetables"
Rajbari,Baliakandi,Summer,"Mango, Litchi, Guava"
Rajbari,Baliakandi,Winter,"Cauliflower, Cabbage, Carrot"
Rajbari,Goalandaghat,Kharif,"Rice, Jute, Vegetables"
Rajbari,Goalandaghat,Rabi,"Wheat, Mustard, Potato"
Rajbari,Goalandaghat,Whole Year,"Banana, Pineapple, Vegetables"
Rajbari,Goalandaghat,Summer,"Mango, Litchi, Guava"
Rajbari,Goalandaghat,Winter,"Cauliflower, Cabbage, Carrot"
Rajbari,Pangsha,Kharif,"Rice, Jute, Vegetables"
Rajbari,Pangsha,Rabi,"Wheat, Mustard, Potato"
Rajbari,Pangsha,Whole Year,"Banana, Pineapple, Vegetables"
Rajbari,Pangsha,Summer,"Mango, Litchi, Guava"
Rajbari,Pangsha,Winter,"Cauliflower, Cabbage, Carrot"
Rajbari,Kalukhali,Kharif,"Rice, Jute, Vegetables"
Rajbari,Kalukhali,Rabi,"Wheat, Mustard, Potato"
Rajbari,Kalukhali,Whole Year,"Banana, Pineapple, Vegetables"
Rajbari,Kalukhali,Summer,"Mango, Litchi, Guava"
Rajbari,Kalukhali,Winter,"Cauliflower, Cabbage, Carrot"
Rajshahi,Bagha,Kharif,"Rice, Jute, Vegetables"
Rajshahi,Bagha,Rabi,"Wheat, Mustard, Potato"
Rajshahi,Bagha,Whole Year,"Banana, Pineapple, Vegetables"
Rajshahi,Bagha,Summer,"Mango, Litchi, Guava"
Rajshahi,Bagha,Winter,"Cauliflower, Cabbage, Carrot"
Rajshahi,Bagmara,Kharif,"Rice, Jute, Vegetables"
Rajshahi,Bagmara,Rabi,"Wheat, Mustard, Potato"
Rajshahi,Bagmara,Whole Year,"Banana, Pineapple, Vegetables"
Rajshahi,Bagmara,Summer,"Mango, Litchi, Guava"
Rajshahi,Bagmara,Winter,"Cauliflower, Cabbage, Carrot"
Rajshahi,Charghat,Kharif,"Rice, Jute, Vegetables"
Rajshahi,Charghat,Rabi,"Wheat, Mustard, Potato"
Rajshahi,Charghat,Whole Year,"Banana, Pineapple, Vegetables"
Rajshahi,Charghat,Summer,"Mango, Litchi, Guava"
Rajshahi,Charghat,Winter,"Cauliflower, Cabbage, Carrot"
Rajshahi,Durgapur,Kharif,"Rice, Jute, Vegetables"
Rajshahi,Durgapur,Rabi,"Wheat, Mustard, Potato"
Rajshahi,Durgapur,Whole Year,"Banana, Pineapple, Vegetables"
Rajshahi,Durgapur,Summer,"Mango, Litchi, Guava"
Rajshahi,Durgapur,Winter,"Cauliflower, Cabbage, Carrot"
Rajshahi,Godagari,Kharif,"Rice, Jute, Vegetables"
Rajshahi,Godagari,Rabi,"Wheat, Mustard, Potato"
Rajshahi,Godagari,Whole Year,"Banana, Pineapple, Vegetables"
Rajshahi,Godagari,Summer,"Mango, Litchi, Guava"
Rajshahi,Godagari,Winter,"Cauliflower, Cabbage, Carrot"
Rangamati,Baghaichhari,Kharif,"Rice, Jute, Vegetables"
Rangamati,Baghaichhari,Rabi,"Wheat, Mustard, Potato"
Rangamati,Baghaichhari,Whole Year,"Banana, Pineapple, Vegetables"
Rangamati,Baghaichhari,Summer,"Mango, Litchi, Guava"
Rangamati,Baghaichhari,Winter,"Cauliflower, Cabbage, Carrot"
Rangamati,Barkal,Kharif,"Rice, Jute, Vegetables"
Rangamati,Barkal,Rabi,"Wheat, Mustard, Potato"
Rangamati,Barkal,Whole Year,"Banana, Pineapple, Vegetables"
Rangamati,Barkal,Summer,"Mango, Litchi, Guava"
Rangamati,Barkal,Winter,"Cauliflower, Cabbage, Carrot"
Rangamati,Kaptai,Kharif,"Rice, Jute, Vegetables"
Rangamati,Kaptai,Rabi,"Wheat, Mustard, Potato"
Rangamati,Kaptai,Whole Year,"Banana, Pineapple, Vegetables"
Rangamati,Kaptai,Summer,"Mango, Litchi, Guava"
Rangamati,Kaptai,Winter,"Cauliflower, Cabbage, Carrot"
Rangamati,Juraichhari,Kharif,"Rice, Jute, Vegetables"
Rangamati,Juraichhari,Rabi,"Wheat, Mustard, Potato"
Rangamati,Juraichhari,Whole Year,"Banana, Pineapple, Vegetables"
Rangamati,Juraichhari,Summer,"Mango, Litchi, Guava"
Rangamati,Juraichhari,Winter,"Cauliflower, Cabbage, Carrot"
Rangpur,Badarganj,Kharif,"Rice, Jute, Vegetables"
Rangpur,Badarganj,Rabi,"Wheat, Mustard, Potato"
Rangpur,Badarganj,Whole Year,"Banana, Pineapple, Vegetables"
Rangpur,Badarganj,Summer,"Mango, Litchi, Guava"
Rangpur,Badarganj,Winter,"Cauliflower, Cabbage, Carrot"
Rangpur,Gangachara,Kharif,"Rice, Jute, Vegetables"
Rangpur,Gangachara,Rabi,"Wheat, Mustard, Potato"
Rangpur,Gangachara,Whole Year,"Banana, Pineapple, Vegetables"
Rangpur,Gangachara,Summer,"Mango, Litchi, Guava"
Rangpur,Gangachara,Winter,"Cauliflower, Cabbage, Carrot"
Rangpur,Kaunia,Kharif,"Rice, Jute, Vegetables"
Rangpur,Kaunia,Rabi,"Wheat, Mustard, Potato"
Rangpur,Kaunia,Whole Year,"Banana, Pineapple, Vegetables"
Rangpur,Kaunia,Summer,"Mango, Litchi, Guava"
Rangpur,Kaunia,Winter,"Cauliflower, Cabbage, Carrot"
Rangpur,Mithapukur,Kharif,"Rice, Jute, Vegetables"
Rangpur,Mithapukur,Rabi,"Wheat, Mustard, Potato"
Rangpur,Mithapukur,Whole Year,"Banana, Pineapple, Vegetables"
Rangpur,Mithapukur,Summer,"Mango, Litchi, Guava"
Rangpur,Mithapukur,Winter,"Cauliflower, Cabbage, Carrot"
Satkhira,Ashashuni,Kharif,"Rice, Jute, Vegetables"
Satkhira,Ashashuni,Rabi,"Wheat, Mustard, Potato"
Satkhira,Ashashuni,Whole Year,"Banana, Pineapple, Vegetables"
Satkhira,Ashashuni,Summer,"Mango, Litchi, Guava"
Satkhira,Ashashuni,Winter,"Cauliflower, Cabbage, Carrot"
Satkhira,Debhata,Kharif,"Rice, Jute, Vegetables"
Satkhira,Debhata,Rabi,"Wheat, Mustard, Potato"
Satkhira,Debhata,Whole Year,"Banana, Pineapple, Vegetables"
Satkhira,Debhata,Summer,"Mango, Litchi, Guava"
Satkhira,Debhata,Winter,"Cauliflower, Cabbage, Carrot"
Satkhira,Kaliganj,Kharif,"Rice, Jute, Vegetables"
Satkhira,Kaliganj,Rabi,"Wheat, Mustard, Potato"
Satkhira,Kaliganj,Whole Year,"Banana, Pineapple, Vegetables"
Satkhira,Kaliganj,Summer,"Mango, Litchi, Guava"
Satkhira,Kaliganj,Winter,"Cauliflower, Cabbage, Carrot"
Satkhira,Kalaroa,Kharif,"Rice, Jute, Vegetables"
Satkhira,Kalaroa,Rabi,"Wheat, Mustard, Potato"
Satkhira,Kalaroa,Whole Year,"Banana, Pineapple, Vegetables"
Satkhira,Kalaroa,Summer,"Mango, Litchi, Guava"
Satkhira,Kalaroa,Winter,"Cauliflower, Cabbage, Carrot"
Satkhira,Shyamnagar,Kharif,"Rice, Jute, Vegetables"
Satkhira,Shyamnagar,Rabi,"Wheat, Mustard, Potato"
Satkhira,Shyamnagar,Whole Year,"Banana, Pineapple, Vegetables"
Satkhira,Shyamnagar,Summer,"Mango, Litchi, Guava"
Satkhira,Shyamnagar,Winter,"Cauliflower, Cabbage, Carrot"
Shariatpur,Bhedarganj,Kharif,"Rice, Jute, Vegetables"
Shariatpur,Bhedarganj,Rabi,"Wheat, Mustard, Potato"
Shariatpur,Bhedarganj,Whole Year,"Banana, Pineapple, Vegetables"
Shariatpur,Bhedarganj,Summer,"Mango, Litchi, Guava"
Shariatpur,Bhedarganj,Winter,"Cauliflower, Cabbage, Carrot"
Shariatpur,Damudya,Kharif,"Rice, Jute, Vegetables"
Shariatpur,Damudya,Rabi,"Wheat, Mustard, Potato"
Shariatpur,Damudya,Whole Year,"Banana, Pineapple, Vegetables"
Shariatpur,Damudya,Summer,"Mango, Litchi, Guava"
Shariatpur,Damudya,Winter,"Cauliflower, Cabbage, Carrot"
Shariatpur,Gosairhat,Kharif,"Rice, Jute, Vegetables"
Shariatpur,Gosairhat,Rabi,"Wheat, Mustard, Potato"
Shariatpur,Gosairhat,Whole Year,"Banana, Pineapple, Vegetables"
Shariatpur,Gosairhat,Summer,"Mango, Litchi, Guava"
Shariatpur,Gosairhat,Winter,"Cauliflower, Cabbage, Carrot"
Shariatpur,Naria,Kharif,"Rice, Jute, Vegetables"
Shariatpur,Naria,Rabi,"Wheat, Mustard, Potato"
Shariatpur,Naria,Whole Year,"Banana, Pineapple, Vegetables"
Shariatpur,Naria,Summer,"Mango, Litchi, Guava"
Shariatpur,Naria,Winter,"Cauliflower, Cabbage, Carrot"
Sherpur,Jhenaigati,Kharif,"Rice, Jute, Vegetables"
Sherpur,Jhenaigati,Rabi,"Wheat, Mustard, Potato"
Sherpur,Jhenaigati,Whole Year,"Banana, Pineapple, Vegetables"
Sherpur,Jhenaigati,Summer,"Mango, Litchi, Guava"
Sherpur,Jhenaigati,Winter,"Cauliflower, Cabbage, Carrot"
Sherpur,Nakla,Kharif,"Rice, Jute, Vegetables"
Sherpur,Nakla,Rabi,"Wheat, Mustard, Potato"
Sherpur,Nakla,Whole Year,"Banana, Pineapple, Vegetables"
Sherpur,Nakla,Summer,"Mango, Litchi, Guava"
Sherpur,Nakla,Winter,"Cauliflower, Cabbage, Carrot"
Sherpur,Nalitabari,Kharif,"Rice, Jute, Vegetables"
Sherpur,Nalitabari,Rabi,"Wheat, Mustard, Potato"
Sherpur,Nalitabari,Whole Year,"Banana, Pineapple, Vegetables"
Sherpur,Nalitabari,Summer,"Mango, Litchi, Guava"
Sherpur,Nalitabari,Winter,"Cauliflower, Cabbage, Carrot"
Sherpur,Sreebardi,Kharif,"Rice, Jute, Vegetables"
Sherpur,Sreebardi,Rabi,"Wheat, Mustard, Potato"
Sherpur,Sreebardi,Whole Year,"Banana, Pineapple, Vegetables"
Sherpur,Sreebardi,Summer,"Mango, Litchi, Guava"
Sherpur,Sreebardi,Winter,"Cauliflower, Cabbage, Carrot"
Sirajganj,Belkuchi,Kharif,"Rice, Jute, Vegetables"
Sirajganj,Belkuchi,Rabi,"Wheat, Mustard, Potato"
Sirajganj,Belkuchi,Whole Year,"Banana, Pineapple, Vegetables"
Sirajganj,Belkuchi,Summer,"Mango, Litchi, Guava"
Sirajganj,Belkuchi,Winter,"Cauliflower, Cabbage, Carrot"
Sirajganj,Chauhali,Kharif,"Rice, Jute, Vegetables"
Sirajganj,Chauhali,Rabi,"Wheat, Mustard, Potato"
Sirajganj,Chauhali,Whole Year,"Banana, Pineapple, Vegetables"
Sirajganj,Chauhali,Summer,"Mango, Litchi, Guava"
Sirajganj,Chauhali,Winter,"Cauliflower, Cabbage, Carrot"
Sirajganj,Kamarkhanda,Kharif,"Rice, Jute, Vegetables"
Sirajganj,Kamarkhanda,Rabi,"Wheat, Mustard, Potato"
Sirajganj,Kamarkhanda,Whole Year,"Banana, Pineapple, Vegetables"
Sirajganj,Kamarkhanda,Summer,"Mango, Litchi, Guava"
Sirajganj,Kamarkhanda,Winter,"Cauliflower, Cabbage, Carrot"
Sirajganj,Raiganj,Kharif,"Rice, Jute, Vegetables"
Sirajganj,Raiganj,Rabi,"Wheat, Mustard, Potato"
Sirajganj,Raiganj,Whole Year,"Banana, Pineapple, Vegetables"
Sirajganj,Raiganj,Summer,"Mango, Litchi, Guava"
Sirajganj,Raiganj,Winter,"Cauliflower, Cabbage, Carrot"
Sunamganj,Bishwamvarpur,Kharif,"Rice, Jute, Vegetables"
Sunamganj,Bishwamvarpur,Rabi,"Wheat, Mustard, Potato"
Sunamganj,Bishwamvarpur,Whole Year,"Banana, Pineapple, Vegetables"
Sunamganj,Bishwamvarpur,Summer,"Mango, Litchi, Guava"
Sunamganj,Bishwamvarpur,Winter,"Cauliflower, Cabbage, Carrot"
Sunamganj,Chhatak,Kharif,"Rice, Jute, Vegetables"
Sunamganj,Chhatak,Rabi,"Wheat, Mustard, Potato"
Sunamganj,Chhatak,Whole Year,"Banana, Pineapple, Vegetables"
Sunamganj,Chhatak,Summer,"Mango, Litchi, Guava"
Sunamganj,Chhatak,Winter,"Cauliflower, Cabbage, Carrot"
Sunamganj,Derai,Kharif,"Rice, Jute, Vegetables"
Sunamganj,Derai,Rabi,"Wheat, Mustard, Potato"
Sunamganj,Derai,Whole Year,"Banana, Pineapple, Vegetables"
Sunamganj,Derai,Summer,"Mango, Litchi, Guava"
Sunamganj,Derai,Winter,"Cauliflower, Cabbage, Carrot"
Sunamganj,Dharampasha,Kharif,"Rice, Jute, Vegetables"
Sunamganj,Dharampasha,Rabi,"Wheat, Mustard, Potato"
Sunamganj,Dharampasha,Whole Year,"Banana, Pineapple, Vegetables"
Sunamganj,Dharampasha,Summer,"Mango, Litchi, Guava"
Sunamganj,Dharampasha,Winter,"Cauliflower, Cabbage, Carrot"
Sylhet,Balaganj,Kharif,"Rice, Jute, Vegetables"
Sylhet,Balaganj,Rabi,"Wheat, Mustard, Potato"
Sylhet,Balaganj,Whole Year,"Banana, Pineapple, Vegetables"
Sylhet,Balaganj,Summer,"Mango, Litchi, Guava"
Sylhet,Balaganj,Winter,"Cauliflower, Cabbage, Carrot"
Sylhet,Beanibazar,Kharif,"Rice, Jute, Vegetables"
Sylhet,Beanibazar,Rabi,"Wheat, Mustard, Potato"
Sylhet,Beanibazar,Whole Year,"Banana, Pineapple, Vegetables"
Sylhet,Beanibazar,Summer,"Mango, Litchi, Guava"
Sylhet,Beanibazar,Winter,"Cauliflower, Cabbage, Carrot"
Sylhet,Bishwanath,Kharif,"Rice, Jute, Vegetables"
Sylhet,Bishwanath,Rabi,"Wheat, Mustard, Potato"
Sylhet,Bishwanath,Whole Year,"Banana, Pineapple, Vegetables"
Sylhet,Bishwanath,Summer,"Mango, Litchi, Guava"
Sylhet,Bishwanath,Winter,"Cauliflower, Cabbage, Carrot"
Sylhet,Companiganj,Kharif,"Rice, Jute, Vegetables"
Sylhet,Companiganj,Rabi,"Wheat, Mustard, Potato"
Sylhet,Companiganj,Whole Year,"Banana, Pineapple, Vegetables"
Sylhet,Companiganj,Summer,"Mango, Litchi, Guava"
Sylhet,Companiganj,Winter,"Cauliflower, Cabbage, Carrot"
Tangail,Basail,Kharif,"Rice, Jute, Vegetables"
Tangail,Basail,Rabi,"Wheat, Mustard, Potato"
Tangail,Basail,Whole Year,"Banana, Pineapple, Vegetables"
Tangail,Basail,Summer,"Mango, Litchi, Guava"
Tangail,Basail,Winter,"Cauliflower, Cabbage, Carrot"
Tangail,Bhuapur,Kharif,"Rice, Jute, Vegetables"
Tangail,Bhuapur,Rabi,"Wheat, Mustard, Potato"
Tangail,Bhuapur,Whole Year,"Banana, Pineapple, Vegetables"
Tangail,Bhuapur,Summer,"Mango, Litchi, Guava"
Tangail,Bhuapur,Winter,"Cauliflower, Cabbage, Carrot"
Tangail,Delduar,Kharif,"Rice, Jute, Vegetables"
Tangail,Delduar,Rabi,"Wheat, Mustard, Potato"
Tangail,Delduar,Whole Year,"Banana, Pineapple, Vegetables"
Tangail,Delduar,Summer,"Mango, Litchi, Guava"
Tangail,Delduar,Winter,"Cauliflower, Cabbage, Carrot"
Tangail,Ghatail,Kharif,"Rice, Jute, Vegetables"
Tangail,Ghatail,Rabi,"Wheat, Mustard, Potato"
Tangail,Ghatail,Whole Year,"Banana, Pineapple, Vegetables"
Tangail,Ghatail,Summer,"Mango, Litchi, Guava"
Tangail,Ghatail,Winter,"Cauliflower, Cabbage, Carrot"
Thakurgaon,Baliadangi,Kharif,"Rice, Jute, Vegetables"
Thakurgaon,Baliadangi,Rabi,"Wheat, Mustard, Potato"
Thakurgaon,Baliadangi,Whole Year,"Banana, Pineapple, Vegetables"
Thakurgaon,Baliadangi,Summer,"Mango, Litchi, Guava"
Thakurgaon,Baliadangi,Winter,"Cauliflower, Cabbage, Carrot"
Thakurgaon,Haripur,Kharif,"Rice, Jute, Vegetables"
Thakurgaon,Haripur,Rabi,"Wheat, Mustard, Potato"
Thakurgaon,Haripur,Whole Year,"Banana, Pineapple, Vegetables"
Thakurgaon,Haripur,Summer,"Mango, Litchi, Guava"
Thakurgaon,Haripur,Winter,"Cauliflower, Cabbage, Carrot"
Thakurgaon,Pirganj,Kharif,"Rice, Jute, Vegetables"
Thakurgaon,Pirganj,Rabi,"Wheat, Mustard, Potato"
Thakurgaon,Pirganj,Whole Year,"Banana, Pineapple, Vegetables"
Thakurgaon,Pirganj,Summer,"Mango, Litchi, Guava"
Thakurgaon,Pirganj,Winter,"Cauliflower, Cabbage, Carrot"
Thakurgaon,Ranisankail,Kharif,"Rice, Jute, Vegetables"
Thakurgaon,Ranisankail,Rabi,"Wheat, Mustard, Potato"
Thakurgaon,Ranisankail,Whole Year,"Banana, Pineapple, Vegetables"
Thakurgaon,Ranisankail,Summer,"Mango, Litchi, Guava"
Thakurgaon,Ranisankail,Winter,"Cauliflower, Cabbage, Carrot"
